LSite,Stream,LATITUDE_MEASURE,LONGITUDE_MEASURE
GML070-0004,Tributary of Church Creek,39.69087471,-84.83221486
GML080-0002,West Fork Four Mile Run,39.55425625,-84.81726873
GMU110-0004,Armstrong Anderson Ditch,40.09280778,-84.87290216
GMW-01-0003,Whitewater River,39.78496025,-85.15148215
GMW010-0035,Whitewater River,39.84551927,-85.17037827
GMW010-0035,Whitewater River,39.84551927,-85.17037827
GMW-01-0004,Whitewater River,39.79367475,-85.14961372
GMW010-0041,Bear Creek,39.89549895,-85.17750524
GMW010-0044,Morgan Creek,39.90770387,-85.08523294
GMW010-0044,Morgan Creek,39.90770387,-85.08523294
GMW010-0044,Morgan Creek,39.90770387,-85.08523294
GMW010-0044,Morgan Creek,39.90770387,-85.08523294
GMW010-0045,Roy Run,39.79891777,-85.22984484
GMW-01-0005,Martindale Creek,39.97170552,-85.10363691
GMW-01-0006,Martindale Creek,39.91705559,-85.10714091
GMW-02-0001,Greens Fork,39.91650652,-85.02890565
GMW-02-0002,Greens Fork,39.99380426,-84.96763186
GMW020-0029,Greens Fork,39.97537642,-84.97526496
GMW020-0029,Greens Fork,39.97537642,-84.97526496
GMW-02-0003,Greens Fork,39.9219836,-85.02446978
GMW020-0033,Greens Fork,39.89911829,-85.04199794
GMW020-0035,Whitewater River,39.70765084,-85.11791036
GMW020-0035,Whitewater River,39.70765084,-85.11791036
GMW020-0036,Bloomingport Creek,40.01829611,-84.97556896
GMW-02-0004,Whitewater River,39.74229797,-85.11647484
GMW-02-0014,Greens Fork,39.91064346,-85.03294177
GMW030-0025,Nolands Fork,39.77808143,-85.05626549
GMW030-0025,Nolands Fork,39.77808143,-85.05626549
GMW030-0026,Nolands Fork,40.00952037,-84.88811716
GMW030-0026,Nolands Fork,40.00952037,-84.88811716
GMW-03-0007,Centeral Run,39.77077075,-85.03023591
GMW-03-0008,Nolands Fork,39.86865107,-84.98267706
GMW-03-0009,Nolands Fork,39.95101866,-84.9155735
GMW-03-0009,Nolands Fork,39.95101866,-84.9155735
GMW-03-0015,Nolands Fork,39.79431332,-85.03207576
GMW040-0012,Whitewater River,39.57333333,-85.15638889
GMW-04-0002,Whitewater River,39.60247286,-85.14404047
GMW-04-0003,Whitewater River,39.57977264,-85.15733788
GMW040-0036,Whitewater River,39.53524387,-85.16333111
GMW-04-0004,Whitewater River,39.63592095,-85.13905201
GMW-04-0004,Whitewater River,39.63592095,-85.13905201
GMW040-0040,Little Williams Creek,39.61980666,-85.17167149
GMW040-0040,Little Williams Creek,39.61980666,-85.17167149
GMW040-0043,Whitewater River,39.5488322,-85.16951725
GMW040-0043,Whitewater River,39.5488322,-85.16951725
GMW040-0044,Whitewater River,39.46513034,-85.17588298
GMW040-0045,Bear Creek,39.53968607,-85.1322352
GMW040-0045,Bear Creek,39.53968607,-85.1322352
GMW-04-0005,Bear Creek,39.54780233,-85.12072242
GMW-04-0008,North Branch Garrison Creek,39.56663915,-85.21580655
GMW-04-0012,Whitewater River,39.53150334,-85.16793874
GMW-04-0013,South Branch Garrison Creek,39.57151896,-85.25949564
GMW-04-0013,South Branch Garrison Creek,39.57151896,-85.25949564
GMW-04-0018,Whitewater River,39.44967175,-85.14846246
GMW-04-0019,Bear Creek,39.54112044,-85.13013588
GMW050-0006,Little Salt Creek,39.43699493,-85.19554795
GMW050-0006,Little Salt Creek,39.43699493,-85.19554795
GMW-05-0001,Little Salt Creek,39.43577249,-85.19398539
GMW050-0016,Salt Creek,39.3620502,-85.25589562
GMW050-0016,Salt Creek,39.3620502,-85.25589562
GMW050-0017,Salt Creek,39.33170558,-85.30684578
GMW-05-0002,Bull Fork,39.40167316,-85.21285429
GMW050-0023,Tributary of Salt Creek,39.35706139,-85.31586806
GMW-05-0006,Salt Creek,39.34769546,-85.30637349
GMW-05-0007,Salt Creek,39.3843624,-85.21836501
GMW-05-0008,Little Salt Creek,39.43736794,-85.19543356
GMW-05-0009,Bull Fork,39.39473426,-85.25343543
GMW-05-0010,Salt Creek,39.44626252,-85.15046519
GMW-05-0011,Righthand Fork Salt Creek,39.38193022,-85.28635389
GMW-05-0012,Harvey Branch,39.3844618,-85.21653573
GMW-05-0014,Righthand Fork Salt Creek,39.422252,-85.320613
GMW-05-0015,S Fk Little Salt Cr,39.466287,-85.277402
GMW060-0016,Whitewater River,39.43449105,-85.06174979
GMW060-0018,Whitewater River,39.42328901,-85.0443713
GMW060-0018,Whitewater River,39.42328901,-85.0443713
GMW-06-0002,Whitewater River,39.43041876,-85.03296538
GMW060-0021,Jim Run,39.49006749,-85.12625061
GMW060-0021,Jim Run,39.49006749,-85.12625061
GMW060-0022,Pipe Creek,39.36499411,-85.11843227
GMW060-0022,Pipe Creek,39.36499411,-85.11843227
GMW060-0027,Pipe Creek,39.29563861,-85.09959583
GMW-06-0003,McCartys Run,39.40027487,-85.06847893
GMW-06-0003,McCartys Run,39.40027487,-85.06847893
GMW-06-0004,Whitewater River,39.44506953,-85.11228641
GMW-06-0005,Whitewater River,39.44074761,-85.14043053
GMW-06-0006,Walnut Fork,39.39195214,-85.13293675
GMW-06-0012,Whitewater River,39.42107162,-85.01523553
GMW-06-0013,Clear Fork,39.37245807,-85.14334065
GMW-06-0014,Tributary of Pipe Creek,39.29904607,-85.10429879
GMW-06-0015,Pipe Creek,39.43151588,-85.11079071
GMW-06-0020,Pipe Creek,39.351869,-85.109727
GMW-06-0022,Whitewater Canal,39.449659,-85.119581
GMW-06-0022,Whitewater Canal,39.449659,-85.119581
GMW-06-0023,Jim Run,39.49282962,-85.1251574
GMW070-0080,Richland Creek,39.67124702,-84.95023067
GMW070-0080,Richland Creek,39.67124702,-84.95023067
GMW070-0082,East Fork Whitewater River,39.63488055,-84.99891271
GMW070-0082,East Fork Whitewater River,39.63488055,-84.99891271
GMW-07-0009,East Fork Whitewater River,39.65793979,-85.01051045
GMW070-0091,East Fork Whitewater River,39.42765765,-85.0036749
GMW070-0092,Elkhorn Creek,39.75282947,-84.91853705
GMW070-0092,Elkhorn Creek,39.75282947,-84.91853705
GMW070-0093,Bath Creek,39.52003607,-84.97993179
GMW-07-0010,Tributary of East Fork Whitewater River,39.77788765,-84.94128014
GMW070-0100,Templeton Creek,39.51204365,-84.95605074
GMW070-0101,Elkhorn Creek,39.77305962,-84.87019679
GMW070-0101,Elkhorn Creek,39.77305962,-84.87019679
GMW070-0104,Dubois Creek,39.5549713,-84.93860102
GMW070-0107,Silver Creek,39.63623866,-84.94303897
GMW070-0107,Silver Creek,39.63623866,-84.94303897
GMW070-0109,East Fork Whitewater River,39.78864104,-84.92720325
GMW070-0109,East Fork Whitewater River,39.78864104,-84.92720325
GMW-07-0011,East Fork Whitewater River,39.78703622,-84.92820887
GMW070-0117,Silver Creek,39.68433622,-84.90876949
GMW070-0117,Silver Creek,39.68433622,-84.90876949
GMW-07-0012,Silver Creek,39.67128798,-84.91813307
GMW-07-0014,Middle Fork East Fork Whitewater River,39.94245305,-84.8211769
GMW-07-0015,West Fork East Fork Whitewater River,39.85835642,-84.8979807
GMW-07-0017,Hanna Creek,39.63943077,-84.89730404
GMW-07-0024,East Fork Whitewater River,39.84304502,-84.81982749
GMW-07-0024,East Fork Whitewater River,39.84304502,-84.81982749
GMW-07-0026,East Fork Whitewater River,39.41237251,-85.01094204
GMW-07-0061,West Fork East Fork Whitewater River,39.85623532,-84.8991736
GMW080-0003,Blue Creek,39.39583333,-85.01527778
GMW-08-0001,Blue Creek,39.28522077,-85.05030904
GMW-08-0003,Logan Creek,39.27794072,-84.90434508
GMW080-0034,Whitewater River,39.28479431,-84.87906075
GMW080-0034,Whitewater River,39.28479431,-84.87906075
GMW080-0036,Blue Creek,39.37323664,-85.04143275
GMW080-0036,Blue Creek,39.37323664,-85.04143275
GMW080-0038,Sours Run,39.37881319,-84.8373356
GMW080-0040,Whitewater River,39.36017409,-84.95421076
GMW080-0040,Whitewater River,39.36017409,-84.95421076
GMW080-0043,Whitewater River,39.34362926,-84.9215295
GMW-08-0005,Logan Creek,39.27779205,-84.89238579
GMW-08-0013,Whitewater River,39.38420597,-84.98359474
GMW-08-0014,Blue Creek,39.35720201,-85.0351686
GMW-08-0015,Whitewater River,39.35937986,-84.95470937
GMW-08-0016,Big Cedar Creek,39.35772356,-84.94064981
GMW-08-0018,Johnson Fork,39.28783298,-84.84026536
GMW-08-0018,Johnson Fork,39.28783298,-84.84026536
GMW-08-0019,Logan Creek,39.27735817,-84.8828032
GMW-08-0020,Dry Fork Whitewater River,39.39258001,-84.82130031
GMW-08-0021,Whitewater River,39.24930886,-84.82091491
GMW-08-0022,East Fork Blue Creek,39.34493848,-85.03163392
GMW-08-0022,East Fork Blue Creek,39.34493848,-85.03163392
GMW-08-0024,Big Cedar Creek,39.42033772,-84.90685546
GMW-08-0026,Wolf Creek,39.39871414,-85.01811268
GMW-08-0027,Sours Run,39.37887072,-84.83677541
GMW-08-0030,Whitewater River,39.314457,-84.905643
LEA120-0007,Flatrock Creek,40.970454,-84.857557
LEA120-0011,Flatrock Creek,40.94974747,-84.82839138
LEJ-04-0011,Fish Creek,41.46409612,-84.8089402
LEJ-04-0015,Tributary of Fish Creek,41.60354981,-84.84104436
LEJ-04-0016,Hiram Sweet Ditch,41.53683825,-84.93603266
LEJ-04-0017,West Branch Fish Creek,41.65882734,-84.85078155
LEJ050-0011,Fish Creek,41.46378362,-84.81123672
LEJ050-0011,Fish Creek,41.46378362,-84.81123672
LEJ050-0020,West Branch Fish Creek,41.63036389,-84.82521111
LEJ050-0064,West Branch Fish Creek,41.62754,-84.824972
LEJ050-0064,West Branch Fish Creek,41.62754,-84.824972
LEJ050-0066,Fish Creek,41.53554264,-84.8615255
LEJ050-0066,Fish Creek,41.53554264,-84.8615255
LEJ050-0066,Fish Creek,41.53554264,-84.8615255
LEJ050-0068,Fish Creek,41.46349867,-84.81128336
LEJ060-0015,Big Run,41.42976093,-84.84616079
LEJ060-0015,Big Run,41.42976093,-84.84616079
LEJ-06-0007,Cedar Creek,41.42328428,-85.00900993
LEJ070-0026,Saint Joseph River,41.244074,-84.974494
LEJ070-0027,Saint Joseph River,41.262411,-84.940461
LEJ-07-0008,Grandstaff Ditch,41.35658333,-85.07844444
LEJ-07-0009,John Diehl Ditch,41.344,-85.06361111
LEJ-07-0010,Yant Ditch,41.25136454,-85.2232967
LEJ-07-0011,John Diehl Ditch,41.34471582,-85.06551884
LEJ-07-0014,Peckhart Ditch,41.38913783,-85.08474483
LEJ-07-0015,Little Cedar Creek,41.27953192,-85.12825077
LEJ-07-0016,Cedar Creek,41.25519598,-85.13431774
LEJ-07-0017,Cedar Creek,41.25097063,-85.13475898
LEJ080-0011,Cedar Creek,41.43972222,-85.03888889
LEJ080-0013,Tributary of Matson Ditch,41.479698,-84.971327
LEJ080-0014,Tributary of Leins Ditch,41.480792,-85.13759
LEJ080-0014,Tributary of Leins Ditch,41.480792,-85.13759
LEJ080-0016,Leins Ditch,41.47271817,-85.10511995
LEJ080-0017,W Smith Ditch,41.40312812,-84.98894169
LEJ080-0017,W Smith Ditch,41.40312812,-84.98894169
LEJ-08-0008,Nancy Davis Ditch,41.32412966,-84.85364151
LEJ-08-0009,North Branch Hursey Ditch,41.3398372,-84.96774976
LEJ-08-0010,Saint Joseph River,41.18597679,-85.04470626
LEJ-08-0010,Saint Joseph River,41.18597679,-85.04470626
LEJ090-0017,Little Cedar Creek,41.26111111,-85.14083333
LEJ090-0017,Little Cedar Creek,41.26111111,-85.14083333
LEJ090-0026,Cedar Creek,41.215,-85.05138889
LEJ090-0031,Cedar Creek,41.258176,-85.131049
LEJ090-0033,Little Cedar Creek,41.265507,-85.136884
LEJ090-0040,Peckhart Ditch,41.3879695,-85.08570954
LEJ090-0040,Peckhart Ditch,41.3879695,-85.08570954
LEJ090-0041,Black Creek,41.28242036,-85.14240761
LEJ090-0041,Black Creek,41.28242036,-85.14240761
LEJ100-0026,Saint Joseph River,41.14610054,-85.10031941
LEM010-0035,Black Creek,41.18324589,-84.86970486
LEM010-0035,Black Creek,41.18324589,-84.86970486
LEM010-0039,Maumee River,41.078402,-85.086747
LEM010-0046,Maumee River,41.13298835,-84.92092362
LEM010-0050,Hamm Ditch,41.22916608,-84.85066921
LEM010-0051,Maumee River,41.10111944,-84.98148655
LEM010-0051,Maumee River,41.10111944,-84.98148655
LEM010-0051,Maumee River,41.10111944,-84.98148655
LEM010-0052,Maumee River,41.07619734,-85.08176649
LEM-01-0010,Bender Ditch,41.04586471,-85.03186609
LEM-01-0012,Black Creek,41.1943284,-84.92703236
LES030-0001,Tributary of St Marys River,40.74077601,-84.80573022
LES030-0002,Saint Marys River,40.76413783,-84.80974201
LES-04-0006,Blue Creek,40.6970561,-84.83920217
LES-04-0007,Blue Creek,40.69370376,-84.88268536
LES040-0092,Fuch Ditch,40.686453,-84.999289
LES040-0093,Bluhm Ditch,40.786454,-84.960116
LES040-0104,Koos Ditch,40.83582696,-84.91658086
LES050-0019,Saint Marys River,40.894615,-85.007594
LES060-0020,Lowther Neuhaus Ditch,41.103543,-85.162984
LES060-0021,Saint Marys River,40.945215,-85.084989
LES060-0022,Houk Ditch,40.98860099,-85.09689868
LES-06-0010,Spy Run Creek,41.11924461,-85.15908177
LMG020-0018,Grand Calumet River,41.61305556,-87.43277778
LMG020-0019,Grand Calumet River,41.61430556,-87.46152778
LMG020-0025,Indiana Harbor Canal,41.65222222,-87.46305556
LMG020-0029,Marquette Park Lagoon,41.61583333,-87.26444444
LMG020-0039,Marquette Park Lagoon,41.61555556,-87.2725
LMG030-0008,Deep River,41.53539722,-87.256425
LMG030-0022,Deep River,41.463922,-87.233299
LMG030-0028,Main Beaver Dam Ditch,41.43955886,-87.4396042
LMG030-0029,Main Beaver Dam Ditch,41.43705905,-87.34159537
LMG-03-0017,Tributary of Salt Creek,41.45994205,-87.10318427
LMG-03-0018,Robbins Ditch,41.58877723,-87.14498493
LMG040-0008,Willow Creek,41.567823,-87.190669
LMG-04-0001,East Branch Little Calumet River,41.62249767,-87.09461855
LMG-04-0001,East Branch Little Calumet River,41.62249767,-87.09461855
LMG040-0012,Deep River,41.56724967,-87.25499007
LMG-04-0002,Peterson Ditch,41.62035184,-87.0915742
LMG-04-0002,Peterson Ditch,41.62035184,-87.0915742
LMG-04-0003,Peterson Ditch,41.607661,-87.094115
LMG-04-0004,East Branch Little Calumet River,41.622104,-87.087075
LMG-04-0005,East Branch Little Calumet River,41.6223008,-87.06742176
LMG-04-0005,East Branch Little Calumet River,41.6223008,-87.06742176
LMG-04-0006,East Branch Little Calumet River,41.62137624,-87.04932031
LMG-04-0006,East Branch Little Calumet River,41.62137624,-87.04932031
LMG-04-0007,Coffee Creek,41.617223,-87.050261
LMG-04-0007,Coffee Creek,41.617223,-87.050261
LMG-04-0008,Coffee Creek,41.60890424,-87.04961369
LMG-04-0008,Coffee Creek,41.60890424,-87.04961369
LMG-04-0009,Pope O’Connor Ditch,41.599712,-87.048395
LMG-04-0011,Coffee Creek,41.593686,-87.040189
LMG-04-0011,Coffee Creek,41.593686,-87.040189
LMG-04-0011,Coffee Creek,41.593686,-87.040189
LMG-04-0012,Johnson Ditch,41.57013,-87.030305
LMG-04-0013,Coffee Creek,41.571135,-87.027963
LMG-04-0014,Shooter Ditch,41.573136,-87.028068
LMG-04-0015,Coffee Creek,41.55419318,-87.00689883
LMG-04-0015,Coffee Creek,41.55419318,-87.00689883
LMG-04-0015,Coffee Creek,41.55419318,-87.00689883
LMG-04-0015,Coffee Creek,41.55419318,-87.00689883
LMG-04-0016,Coffee Creek,41.54204262,-87.00347998
LMG-04-0016,Coffee Creek,41.54204262,-87.00347998
LMG-04-0017,Sand Creek,41.616913,-87.03231
LMG-04-0018,Sand Creek,41.585804,-87.009135
LMG-04-0019,Sand Creek,41.571279,-86.989096
LMG-04-0020,East Branch Little Calumet River,41.616947,-87.022035
LMG-04-0021,Tributary of East Branch Little Calumet River,41.62249,-87.010524
LMG-04-0022,Tributary of East Branch Little Calumet River,41.606911,-86.989634
LMG-04-0022,Tributary of East Branch Little Calumet River,41.606911,-86.989634
LMG-04-0023,Rice Lake Tributary,41.593937,-86.989876
LMG-04-0024,Tributary of East Branch Little Calumet River,41.593799,-86.975069
LMG-04-0025,Tributary of East Branch Little Calumet River,41.609392,-86.980248
LMG-04-0026,Tributary of East Branch Little Calumet River,41.622471,-86.987077
LMG-04-0027,East Branch Little Calumet River,41.62393592,-86.98045267
LMG-04-0027,East Branch Little Calumet River,41.62393592,-86.98045267
LMG-04-0028,East Branch Little Calumet River,41.6274,-86.951488
LMG-04-0029,Carver Ditch,41.629716,-86.941804
LMG-04-0031,Carver Ditch,41.651302,-86.941878
LMG-04-0032,Kemper Ditch,41.651432,-86.9325
LMG-04-0033,Tributary of Reynolds Creek,41.617216,-86.946359
LMG-04-0034,Tributary of Reynolds Creek,41.60710126,-86.94802276
LMG-04-0034,Tributary of Reynolds Creek,41.60710126,-86.94802276
LMG-04-0035,Tributary of Reynolds Creek,41.602435,-86.936543
LMG-04-0035,Tributary of Reynolds Creek,41.602435,-86.936543
LMG-04-0036,Reynolds Creek,41.61722,-86.941943
LMG-04-0037,Reynolds Creek,41.598106,-86.92209
LMG-04-0038,East Branch Little Calumet River,41.621951,-86.932241
LMG-04-0039,East Branch Little Calumet River,41.61275295,-86.90603015
LMG-04-0039,East Branch Little Calumet River,41.61275295,-86.90603015
LMG-04-0040,Tributary of East Branch Little Calumet River,41.599986,-86.895417
LMG-04-0042,East Branch Little Calumet River,41.60234806,-86.88041445
LMG-04-0042,East Branch Little Calumet River,41.60234806,-86.88041445
LMG-04-0042,East Branch Little Calumet River,41.60234806,-86.88041445
LMG-04-0043,East Branch Little Calumet River,41.611505,-87.150245
LMG-04-0044,Samuelson Ditch,41.612456,-87.147137
LMG-04-0045,Samuelson Ditch,41.6194,-87.1453
LMG-04-0048,East Arm Little Calumet River,41.62179701,-86.98323421
LMG-04-0049,East Arm Little Calumet River,41.62093826,-87.09090194
LMG-04-0049,East Arm Little Calumet River,41.62093826,-87.09090194
LMG-05-0002,Burns Ditch,41.59362084,-87.22069186
LMG-05-0003,Willow Creek,41.58827824,-87.20449828
LMG-05-0003,Willow Creek,41.58827824,-87.20449828
LMG-05-0004,Willow Creek,41.56492476,-87.18905508
LMG050-0042,Damon Run,41.560254,-87.08568997
LMG-05-0006,Deep River,41.56566101,-87.29426751
LMG-05-0006,Deep River,41.56566101,-87.29426751
LMG-05-0007,Deep River,41.56316572,-87.2908964
LMG-05-0007,Deep River,41.56316572,-87.2908964
LMG-05-0008,Tributary of Deep River,41.55882944,-87.23635064
LMG-05-0008,Tributary of Deep River,41.55882944,-87.23635064
LMG-05-0008,Tributary of Deep River,41.55882944,-87.23635064
LMG-05-0009,Duck Creek,41.53489484,-87.25398294
LMG-05-0010,Tributary of Duck Creek,41.52158603,-87.23983651
LMG-05-0011,Deep River,41.5118914,-87.28598137
LMG-05-0012,Deep River,41.47613949,-87.22015183
LMG-05-0013,Tributary of Deep River,41.46451191,-87.21016561
LMG-05-0014,Tributary of Deep River,41.44915243,-87.2473032
LMG-05-0015,Deep River,41.44704867,-87.27761876
LMG-05-0015,Deep River,41.44704867,-87.27761876
LMG-05-0016,Niles Ditch,41.42364618,-87.29667465
LMG-05-0017,Niles Ditch,41.39829506,-87.30176091
LMG-05-0018,Main Beaver Dam Ditch,41.43555322,-87.35472546
LMG-05-0019,Tributary of Main Beaver Dam Ditch,41.42732992,-87.36929848
LMG-05-0020,Main Beaver Dam Ditch,41.44174128,-87.39258239
LMG-05-0020,Main Beaver Dam Ditch,41.44174128,-87.39258239
LMG-05-0021,Tributary of Main Beaver Dam Ditch,41.43495179,-87.40302528
LMG-05-0022,Main Beaver Dam Ditch,41.44821244,-87.42648335
LMG-05-0024,Turkey Creek,41.49800932,-87.42756557
LMG-05-0025,Johnson Ditch,41.51732394,-87.39592426
LMG-05-0026,Tributary of Turkey Creek,41.48607445,-87.39339231
LMG-05-0027,Turkey Creek,41.49865257,-87.36476355
LMG-05-0027,Turkey Creek,41.49865257,-87.36476355
LMG-05-0028,Tributary of Turkey Creek,41.48565713,-87.37361497
LMG-05-0029,Tributary of Turkey Creek,41.50588109,-87.35870748
LMG-05-0030,Tributary of Turkey Creek,41.48546506,-87.3403808
LMG-05-0031,Turkey Creek,41.51201251,-87.3069362
LMG-05-0032,Duck Creek,41.51644236,-87.21075158
LMG-05-0033,Sprout Ditch,41.49295911,-87.28762022
LMG-05-0034,Tributary of Deep River,41.45633007,-87.22930745
LMG-05-0035,Deer Creek,41.44192504,-87.27018527
LMG-05-0036,Smith Ditch,41.41281788,-87.33291957
LMG-05-0037,Burns Ditch,41.6103,-87.17925
LMG-05-0037,Burns Ditch,41.6103,-87.17925
LMG-05-0041,Tributary of Main Beaver Dam Ditch,41.43052247,-87.37231121
LMG060-0005,Burns Ditch,41.61261215,-87.17404518
LMG060-0008,East Branch Little Calumet River,41.61681805,-87.12622159
LMG060-0041,East Arm Little Calumet River,41.62320316,-86.98203028
LMG-06-0009,Grand Calumet Lagoon,41.61359999,-87.2784
LMG-06-0010,Grand Calumet Lagoon,41.61239998,-87.2922
LMG-06-0011,Indiana Harbor Canal,41.64669999,-87.4934
LMG-06-0012,Indiana Harbor Canal,41.63459999,-87.4712
LMG070-0035,East Branch of Trail Creek,41.70647704,-86.77067289
LMG070-0035,East Branch of Trail Creek,41.70647704,-86.77067289
LMG070-0035,East Branch of Trail Creek,41.70647704,-86.77067289
LMG070-0036,Tributary of Dingler Lake,41.679395,-86.825549
LMG100-0009,Tributary of Spring Creek,41.75293724,-86.56044736
LMG100-0009,Tributary of Spring Creek,41.75293724,-86.56044736
LMG100-0009,Tributary of Spring Creek,41.75293724,-86.56044736
LMJ-08-0079,Crooked Creek,41.7338634,-85.12701337
LMJ090-0008,Eaton Creek,41.71888889,-84.97166667
LMJ-10-0093,Pigeon Creek,41.66919741,-84.91155355
LMJ-10-0094,Turkey Creek,41.60611678,-85.2369656
LMJ110-0080,Branch of Turkey Creek,41.577691,-85.221598
LMJ110-0124,Pigeon Creek,41.59702561,-84.97181104
LMJ110-0128,Pigeon Creek,41.67361047,-85.20509897
LMJ110-0129,Pigeon Creek,41.62740974,-85.10214613
LMJ110-0129,Pigeon Creek,41.62740974,-85.10214613
LMJ-11-0021,Page Ditch,41.73882181,-85.58069621
LMJ-11-0021,Page Ditch,41.73882181,-85.58069621
LMJ-11-0022,Pigeon River Tributary,41.68109688,-85.28619663
LMJ-11-0025,East Fly Creek,41.62761785,-85.33714131
LMJ120-0040,Pigeon River,41.693578,-85.307288
LMJ120-0041,Pigeon River,41.715912,-85.427577
LMJ120-0042,Pigeon River,41.740613,-85.557945
LMJ120-0042,Pigeon River,41.740613,-85.557945
LMJ120-0048,Pigeon River,41.71498535,-85.45007777
LMJ130-0008,Saint Joseph River,41.74344019,-85.80186949
LMJ140-0028,Little Elkhart River,41.64392849,-85.6477854
LMJ140-0029,Little Elkhart River,41.716317,-85.742587
LMJ140-0118,Little Elkhart River,41.71700343,-85.73606202
LMJ140-0119,Tributary of Little Elkhart River,41.5969324,-85.55686432
LMJ150-0023,Saint Joseph River,41.70590794,-85.89064202
LMJ160-0004,Christiana Creek,41.695366,-85.980044
LMJ-16-0044,South Branch Elkhart River,41.34133149,-85.45418209
LMJ170-0077,Gretzinger Ditch,41.437195,-85.34231
LMJ170-0080,Middle Br Elkhart River,41.5067897,-85.39482668
LMJ-17-0040,Kieffer Ditch,41.44813708,-85.8360611
LMJ180-0046,Carrol Creek,41.3227,-85.47682
LMJ180-0049,South Branch Elkhart River,41.37007141,-85.43899615
LMJ-18-0005,Stony Creek,41.52462964,-85.68140325
LMJ180-0052,Rimmell Branch,41.38456221,-85.3370748
LMJ-18-0006,Hydraulic Canal,41.50335432,-85.77467067
LMJ-18-0006,Hydraulic Canal,41.50335432,-85.77467067
LMJ-18-0007,Elkhart River,41.51754084,-85.80999855
LMJ-18-0008,Solomon Creek,41.43818561,-85.62447264
LMJ190-0025,Elkhart River,41.46760082,-85.5997325
LMJ190-0025,Elkhart River,41.46760082,-85.5997325
LMJ190-0026,Stony Creek,41.523678,-85.677753
LMJ190-0028,Cromwell Ditch,41.42725176,-85.65596237
LMJ190-0028,Cromwell Ditch,41.42725176,-85.65596237
LMJ190-0031,Elkhart River,41.50084841,-85.77981218
LMJ190-0031,Elkhart River,41.50084841,-85.77981218
LMJ190-0032,Solomon Creek,41.39577199,-85.5740041
LMJ-19-0004,Owl Creek,41.58913078,-85.95010902
LMJ-19-0005,Elkhart River,41.66370586,-85.92764822
LMJ200-0016,Dausman Ditch,41.48666667,-85.84944444
LMJ200-0051,Omar-Neff Ditch,41.40189,-85.9012
LMJ200-0054,Turkey Creek,41.416889,-85.871402
LMJ200-0054,Turkey Creek,41.416889,-85.871402
LMJ200-0060,Turkey Creek,41.43246546,-85.7731631
LMJ-20-0007,Saint Joseph River,41.7057266,-85.88943962
LMJ-20-0009,Indian Creek,41.66160899,-85.83527343
LMJ210-0024,Rock Run Creek,41.583522,-85.777096
LMJ-21-0010,Davidhizer Ditch,41.51115925,-85.98256976
LMJ-22-0001,Saint Joseph River,41.66455181,-86.18683678
LMJ220-0014,Cobus Creek,41.70241842,-86.05354754
LMJ220-0014,Cobus Creek,41.70241842,-86.05354754
LMJ-22-0002,Juday Creek,41.71532352,-86.2289887
LMJ-22-0004,Saint Joseph River,41.74694428,-86.27155152
LMJ230-0006,Baugo Creek,41.59416667,-86.03
LMJ230-0008,Baugo Creek,41.64902307,-86.05601105
LMJ230-0008,Baugo Creek,41.64902307,-86.05601105
LMJ230-0009,Grimes Ditch,41.577768,-86.136966
LMJ230-0010,Davidhizer Ditch,41.511027,-85.982712
LMJ240-0022,Willow Creek,41.68777778,-86.13333333
LMJ240-0040,Eller Ditch,41.66090666,-86.13584692
LMJ240-0040,Eller Ditch,41.66090666,-86.13584692
LMJ240-0040,Eller Ditch,41.66090666,-86.13584692
LMJ240-0046,Bowman Creek,41.62983671,-86.27630195
OBS010-0004,Mosquito Creek,38.05245289,-85.99527557
OBS010-0004,Mosquito Creek,38.05245289,-85.99527557
OBS-01-0002,Mosquito Creek,38.05339372,-85.99053019
OBS-02-0002,Buck Creek,38.06766468,-86.13826724
OBS-03-0001,Indian Creek,38.3522878,-85.97099544
OBS-03-0002,Indian Creek,38.32672247,-85.99521282
OBS-04-0001,Indian Creek,38.28123035,-86.09270534
OBS-04-0002,Indian Creek,38.30274635,-86.06053835
OBS-04-0003,Indian Creek,38.21771051,-86.12824379
OBS050-0009,Buck Creek,38.13048365,-86.06702713
OBS050-0009,Buck Creek,38.13048365,-86.06702713
OBS-06-0002,South Fork Blue River,38.520851,-85.939138
OBS-06-0003,Jeff Branch,38.52415608,-85.95304578
OBS-06-0003,Jeff Branch,38.52415608,-85.95304578
OBS-06-0004,South Fork Blue River,38.498072,-86.036782
OBS-06-0005,Springle Creek,38.54640838,-85.89877086
OBS-06-0006,South Fork Blue River Tributary,38.50536751,-86.02002898
OBS-06-0008,South Fork Blue River,38.47851,-86.093839
OBS-06-0010,South Fork Blue River,38.55262612,-85.88822245
OBS-06-0011,Honey Run,38.52544428,-85.89827758
OBS-06-0012,South Fork Blue River Tributary,38.50872905,-86.015506
OBS-06-0013,Bear Creek,38.46143258,-86.08194909
OBS-06-0014,Bear Creek,38.44039657,-86.0574533
OBS-06-0015,Licking Creek,38.43736026,-86.12958591
OBS-06-0016,South Fork Blue River,38.44846197,-86.13514787
OBS-06-0018,South Fork Blue River,38.50099301,-86.00961713
OBS-06-0019,Jeff Branch,38.53889575,-85.95595148
OBS-06-0020,South Fork Blue River,38.48065059,-86.11292594
OBS-06-0020,South Fork Blue River,38.48065059,-86.11292594
OBS-06-0021,Bear Creek,38.42765015,-86.0508884
OBS-06-0022,South Fork Blue River,38.51237321,-85.97506907
OBS-06-0026,South Fork Blue River,38.46861504,-86.1205988
OBS-06-0026,South Fork Blue River,38.46861504,-86.1205988
OBS-07-0022,Blue River,38.55426777,-86.12480857
OBS080-0008,Indian Creek,38.364097,-85.936711
OBS090-0005,Indian Creek,38.22939337,-86.12179341
OBS090-0005,Indian Creek,38.22939337,-86.12179341
OBS090-0005,Indian Creek,38.22939337,-86.12179341
OBS090-0007,Indian Creek,38.31088781,-86.03920065
OBS090-0007,Indian Creek,38.31088781,-86.03920065
OBS090-0007,Indian Creek,38.31088781,-86.03920065
OBS090-0008,Indian Creek,38.27905739,-86.10673527
OBS090-0008,Indian Creek,38.27905739,-86.10673527
OBS090-0009,Indian Creek,38.21650726,-86.12927067
OBS090-0011,Crandall Branch,38.27209378,-86.01471986
OBS090-0011,Crandall Branch,38.27209378,-86.01471986
OBS-11-0002,Otter Creek,38.30565686,-86.53944315
OBS-11-0008,Little Blue River,38.2810756,-86.4639099
OBS120-0015,Mill Creek,38.57672029,-86.16465321
OBS120-0015,Mill Creek,38.57672029,-86.16465321
OBS120-0016,Blue River,38.46063785,-86.16377075
OBS120-0016,Blue River,38.46063785,-86.16377075
OBS130-0002,South Fork Blue River,38.434565,-86.183879
OBS130-0002,South Fork Blue River,38.434565,-86.183879
OBS130-0002,South Fork Blue River,38.434565,-86.183879
OBS130-0007,Bear Creek,38.43890735,-86.05566749
OBS130-0007,Bear Creek,38.43890735,-86.05566749
OBS140-0006,Blue River,38.35200892,-86.27965626
OBS140-0006,Blue River,38.35200892,-86.27965626
OBS140-0006,Blue River,38.35200892,-86.27965626
OBS140-0007,Blue River,38.38708801,-86.24634827
OBS140-0007,Blue River,38.38708801,-86.24634827
OBS140-0008,Blue River,38.39473374,-86.25250085
OBS140-0008,Blue River,38.39473374,-86.25250085
OBS140-0010,Blue River,38.41887241,-86.22983414
OBS140-0010,Blue River,38.41887241,-86.22983414
OBS140-0010,Blue River,38.41887241,-86.22983414
OBS150-0001,Blue River,38.18746,-86.317677
OBS150-0020,Blue River,38.189061,-86.311179
OBS150-0020,Blue River,38.189061,-86.311179
OBS150-0021,Blue River,38.22635808,-86.27846301
OBS150-0021,Blue River,38.22635808,-86.27846301
OBS150-0021,Blue River,38.22635808,-86.27846301
OBS150-0021,Blue River,38.22635808,-86.27846301
OBS150-0022,Blue River,38.284704,-86.275098
OBS150-0024,Blue River,38.22898656,-86.22472413
OBS150-0024,Blue River,38.22898656,-86.22472413
OBS150-0024,Blue River,38.22898656,-86.22472413
OBS150-0025,Blue River,38.22375652,-86.26714362
OBS150-0025,Blue River,38.22375652,-86.26714362
OBS150-0027,Blue River,38.29997877,-86.26447343
OBS150-0027,Blue River,38.29997877,-86.26447343
OBS180-0019,Little Blue River,38.32968146,-86.47619755
OBS180-0019,Little Blue River,38.32968146,-86.47619755
OBS180-0021,Otter Creek,38.295893,-86.521328
OBS180-0022,Camp Fork Creek,38.34344185,-86.44034373
OBS180-0022,Camp Fork Creek,38.34344185,-86.44034373
OBS180-0022,Camp Fork Creek,38.34344185,-86.44034373
OBS180-0025,Little Blue River,38.17732024,-86.41365014
OBS180-0025,Little Blue River,38.17732024,-86.41365014
OBS180-0025,Little Blue River,38.17732024,-86.41365014
OBS200-0006,Little Oil Creek,38.09363931,-86.48552373
OBS200-0006,Little Oil Creek,38.09363931,-86.48552373
OBS200-0006,Little Oil Creek,38.09363931,-86.48552373
OBS200-0007,Oil Creek,38.15740832,-86.57955756
OBS200-0007,Oil Creek,38.15740832,-86.57955756
OBS200-0007,Oil Creek,38.15740832,-86.57955756
OBS210-0003,Trigger Branch,38.01208187,-86.58798126
OHP-01-0002,Smith Fork,38.22500482,-87.27975994
OHP020-0007,Hurricane Creek,38.208916,-87.542325
OHP020-0026,Tributary of Pigeon Creek,38.26398383,-87.53323262
OHP020-0026,Tributary of Pigeon Creek,38.26398383,-87.53323262
OHP-03-0001,Pigeon Creek,38.00628256,-87.55716776
OHP-03-0002,Bluegrass Creek,38.10799052,-87.46858635
OHP030-0026,Pigeon Creek,38.03849645,-87.40420543
OHP030-0027,Pigeon Creek,38.09653591,-87.39934407
OHP030-0027,Pigeon Creek,38.09653591,-87.39934407
OHP040-0036,Tributary of Bluegrass Creek,38.141781,-87.51310656
OLP-01-0001,East Deer Creek,37.94783071,-86.64377321
OLP-03-0008,Theis Creek,38.07053095,-86.72394278
OLP040-0006,Tributary of Neglie Creek,37.95874743,-86.70083356
OLP040-0006,Tributary of Neglie Creek,37.95874743,-86.70083356
OLP040-0006,Tributary of Neglie Creek,37.95874743,-86.70083356
OLP-04-0019,Anderson River,38.12056865,-86.80368946
OLP-05-0001,Tributary of Crooked Creek,38.1288545,-86.89258827
OLP-05-0001,Tributary of Crooked Creek,38.1288545,-86.89258827
OLP-05-0002,Crooked Creek,38.04380242,-86.88738929
OLP-05-0002,Crooked Creek,38.04380242,-86.88738929
OLP060-0011,Winding Branch,38.178874,-86.629495
OLP060-0011,Winding Branch,38.178874,-86.629495
OLP070-0016,Anderson River,38.078632,-86.780367
OLP070-0019,Anderson River,38.039,-86.785702
OLP070-0064,Anderson River,38.07801917,-86.78055232
OLP070-0064,Anderson River,38.07801917,-86.78055232
OLP080-0010,Crooked Creek,38.09567579,-86.89607901
OLP080-0010,Crooked Creek,38.09567579,-86.89607901
OLP-09-0023,Tributary of Coles Creek,38.20337101,-87.1790631
OLP-09-0023,Tributary of Coles Creek,38.20337101,-87.1790631
OLP-09-0024,Coles Creek,38.06996136,-87.11203843
OLP-10-0006,Otter Creek,38.04431396,-87.20952669
OLP-10-0007,Caney Creek,37.99645709,-87.23624396
OLP110-0001,Honey Creek,37.95291751,-87.03981957
OLP110-0001,Honey Creek,37.95291751,-87.03981957
OLP140-0094,Little Pigeon Creek,38.105649,-87.070645
OLP140-0095,Little Pigeon Creek,38.053528,-87.132531
OLP140-0098,Little Pigeon Creek,38.05988953,-87.09763376
OLP140-0098,Little Pigeon Creek,38.05988953,-87.09763376
OLP140-0099,Little Pigeon Creek,38.13225729,-87.03051202
OLP140-0100,East Fork Little Pigeon Creek,38.03380557,-87.03759673
OML030-0002,Tanners Creek,39.136792,-84.857594
OML030-0009,Brushy Fork,39.198632,-84.906594
OML030-0010,Salt Fork,39.170711,-84.875338
OML030-0011,Tanners Creek,39.118592,-84.871504
OML030-0011,Tanners Creek,39.118592,-84.871504
OML030-0015,West Fork Tanners Creek,39.17397425,-84.93951894
OML030-0015,West Fork Tanners Creek,39.17397425,-84.93951894
OML-03-0004,Tanners Creek,39.15663562,-84.90017801
OML-03-0005,East Fork Tanners Creek,39.24872819,-84.98215978
OML-03-0006,West Fork Tanners Creek,39.16898429,-84.97483003
OML040-0002,South Hogan Creek,39.042731,-85.055462
OML040-0008,South Hogan Creek,39.075666,-85.117761
OML040-0008,South Hogan Creek,39.075666,-85.117761
OML040-0008,South Hogan Creek,39.075666,-85.117761
OML040-0012,Little Hogan Creek,39.11144291,-84.99041174
OML040-0012,Little Hogan Creek,39.11144291,-84.99041174
OML040-0012,Little Hogan Creek,39.11144291,-84.99041174
OML040-0014,Allen Branch,39.05184113,-84.9945439
OML-04-0009,South Hogan Creek,39.0816584,-85.13904525
OML-04-0010,South Hogan Creek,39.03003812,-85.03802274
OML-05-0009,Laughery Creek,39.25521301,-85.30561537
OML-05-0012,Laughery Creek,39.14006311,-85.24962282
OML-05-0020,Little Laughery Creek,39.30857332,-85.23941749
OML-05-0021,Little Laughery Creek,39.25989773,-85.24287125
OML-05-0022,Bobs Creek,39.26468766,-85.24125633
OML-05-0023,Little Laughery Creek,39.25170692,-85.24063126
OML-05-0024,Tub Creek,39.25605262,-85.30550502
OML-05-0025,Ripley Cr,39.20713489,-85.14499922
OML-05-0025,Ripley Cr,39.20713489,-85.14499922
OML-05-0026,Ripley Cr,39.17480935,-85.17003061
OML-05-0026,Ripley Cr,39.17480935,-85.17003061
OML-05-0027,Ripley Cr,39.19924234,-85.20209378
OML-05-0029,Ripley Cr,39.20992231,-85.20909662
OML-05-0030,Laughery Creek,39.19730511,-85.24750742
OML-05-0031,Laughery Creek,39.22742162,-85.2420404
OML-05-0032,Walnut Fork,39.26481694,-85.28004847
OML-05-0033,Plum Creek,39.14758198,-85.25612245
OML-05-0034,Castators Creek,39.14989845,-85.24303974
OML-05-0035,Little Laughery Creek Tributary,39.30726705,-85.23477216
OML-05-0035,Little Laughery Creek Tributary,39.30726705,-85.23477216
OML-05-0040,Ripley Creek Tributary,39.20315874,-85.13211737
OML-05-0042,Laughery Creek,39.14975001,-85.25372272
OML-05-0047,Little Laughery Creek,39.25837751,-85.24134584
OML060-0005,Tributary of Laughery Creek,39.22799483,-85.28042191
OML060-0006,Laughery Creek,39.24577892,-85.29132908
OML060-0007,Laughery Creek,39.24543958,-85.24787431
OML-06-0001,Laughery Creek,39.03041926,-85.21796728
OML060-0013,Laughery Creek,39.097321,-85.244343
OML060-0017,Tub Creek,39.2725793,-85.30048398
OML060-0019,Laughery Creek,39.16031178,-85.25240931
OML060-0019,Laughery Creek,39.16031178,-85.25240931
OML-06-0002,Boyd Branch,38.99961444,-85.10745394
OML-06-0003,Laughery Creek,38.95637224,-85.11761256
OML070-0015,Hayes Branch,38.97344424,-85.04899136
OML070-0015,Hayes Branch,38.97344424,-85.04899136
OML070-0015,Hayes Branch,38.97344424,-85.04899136
OML070-0021,Laughery Creek,39.02698341,-85.22199417
OML070-0021,Laughery Creek,39.02698341,-85.22199417
OML080-0009,Laughery Creek,38.998714,-84.948497
OML-09-0004,Indian Creek,38.78065389,-85.07936217
OML200-0004,Indian Creek,38.776415,-85.078803
OML200-0004,Indian Creek,38.776415,-85.078803
OML200-0018,Indian Creek,38.77960127,-85.07996286
OML200-0018,Indian Creek,38.77960127,-85.07996286
OSK-02-0001,Vestal Branch,38.9368162,-85.29821888
OSK-02-0001,Vestal Branch,38.9368162,-85.29821888
OSK-02-0002,Indian Kentuck Creek,38.94206202,-85.27402376
OSK-02-0002,Indian Kentuck Creek,38.94206202,-85.27402376
OSK-02-0002,Indian Kentuck Creek,38.94206202,-85.27402376
OSK-02-0003,Indian Kentuck Creek,38.8897686,-85.28262527
OSK-02-0004,Indian Kentuck Creek,38.87822101,-85.25745897
OSK-02-0005,Wilson Fork,38.87516751,-85.25368532
OSK-02-0006,Wilson Fork,38.92025398,-85.2304114
OSK-02-0007,Indian Kentuck Creek,38.83976599,-85.26034599
OSK-02-0008,Indian Kentuck Creek,38.8126233,-85.26995193
OSK-02-0009,Brushy Fork,38.79072369,-85.26942806
OSK-02-0009,Brushy Fork,38.79072369,-85.26942806
OSK-02-0010,Little Brushy Fork,38.80824608,-85.23903832
OSK-02-0011,Brushy Fork,38.81077802,-85.23722946
OSK-02-0012,West Fork Indian Kentuck Creek,38.90615004,-85.35583616
OSK-02-0013,West Fork Indian Kentuck Creek,38.87721942,-85.3639047
OSK-02-0014,West Fork Indian Kentuck Creek,38.7879494,-85.2825835
OSK-02-0015,Indian Kentuck Creek,38.78646836,-85.28155238
OSK-02-0015,Indian Kentuck Creek,38.78646836,-85.28155238
OSK-02-0016,Indian Kentuck Creek,38.75827931,-85.24770785
OSK-02-0016,Indian Kentuck Creek,38.75827931,-85.24770785
OSK-02-0016,Indian Kentuck Creek,38.75827931,-85.24770785
OSK-02-0017,Lost Fork Creek,38.72165054,-85.20763405
OSK-02-0020,West Fork Indian Kentuck Creek,38.8258542,-85.33583361
OSK-02-0020,West Fork Indian Kentuck Creek,38.8258542,-85.33583361
OSK-02-0021,Razor Fork,38.82442958,-85.34412569
OSK-02-0022,Toddys Branch,38.8473788,-85.3486059
OSK-02-0022,Toddys Branch,38.8473788,-85.3486059
OSK-02-0023,West Fork Indian Kentuck Creek,38.78934065,-85.28476083
OSK-02-0025,Brushy Fork,38.79584807,-85.25155071
OSK030-0009,West Fork Indian Kentuck Creek,38.78861111,-85.28305556
OSK030-0012,Indian Kentuck Creek,38.83916667,-85.26027778
OSK030-0015,Indian Kentuck Creek,38.858371,-85.257189
OSK030-0017,Indian Kentuck Creek,38.84407664,-85.25926279
OSK030-0017,Indian Kentuck Creek,38.84407664,-85.25926279
OSK030-0019,West Fork Indian Kentuck Creek,38.80943589,-85.31640925
OSK030-0019,West Fork Indian Kentuck Creek,38.80943589,-85.31640925
OSK-04-0004,Fourteenmile Creek,38.44339852,-85.62978906
OSK-04-0005,Dry Branch,38.50058426,-85.64681469
OSK060-0001,Bull Creek,38.48115147,-85.51374477
OSK060-0001,Bull Creek,38.48115147,-85.51374477
OSK060-0001,Bull Creek,38.48115147,-85.51374477
OSK070-0014,Fourteenmile Creek,38.539273,-85.591064
OSK070-0018,Fourteenmile Creek,38.5265538,-85.61687536
OSK070-0018,Fourteenmile Creek,38.5265538,-85.61687536
OSK070-0018,Fourteenmile Creek,38.5265538,-85.61687536
OSK070-0018,Fourteenmile Creek,38.5265538,-85.61687536
OSK-08-0014,Silver Creek,38.31291184,-85.79338726
OSK-08-0015,Sinking Fork,38.45269663,-85.73083265
OSK-08-0016,Miller Fork,38.56134134,-85.7609833
OSK-08-0017,Sinking Fork,38.46431712,-85.7157349
OSK-08-0022,Silver Creek,38.4620706,-85.76392521
OSK-09-0001,French Creek,38.25504074,-85.86076735
OSK-09-0002,Mill Creek,38.29255946,-85.77747964
OSK100-0001,Lancassange Creek,38.31230851,-85.68758246
OSK140-0035,Silver Creek,38.396882,-85.726638
OSK140-0036,Sugar Run,38.481224,-85.703417
OSK140-0040,Blue Lick Creek,38.50276107,-85.77846685
OSK140-0041,Silver Creek,38.34306687,-85.77753296
OSK140-0042,Silver Creek,38.45677475,-85.76133635
OSK140-0043,Sinking Fork,38.49440795,-85.72860396
OSK140-0043,Sinking Fork,38.49440795,-85.72860396
OSK150-0005,Falling Run,38.32259112,-85.8306652
UMC030-0012,Little Calumet River,41.57055556,-87.50611111
UMC030-0021,Plum Creek,41.52593718,-87.49907626
UMC-04-0001,Grand Calumet River,41.60810126,-87.39340001
UMC-04-0002,Grand Calumet River,41.60959999,-87.4086
UMC-04-0004,Grand Calumet River,41.60849999,-87.3042
UMC-04-0005,Grand Calumet River,41.60789998,-87.31790004
UMC-04-0005,Grand Calumet River,41.60789998,-87.31790004
UMC-04-0006,Grand Calumet River,41.60929995,-87.34009998
UMC-04-0007,Grand Calumet River,41.60739998,-87.35189996
UMC-04-0008,Grand Calumet River,41.60679999,-87.37963
UMC-04-0008,Grand Calumet River,41.60679999,-87.37963
UMC-04-0010,Grand Calumet River,41.6116,-87.3856
UMC050-0007,Grand Calumet River,41.61444444,-87.48083333
UMC050-0009,Grand Calumet River,41.61888889,-87.5
UMC050-0010,Grand Calumet River,41.62277778,-87.51277778
UMI010-0008,Oliver Ditch,41.02924774,-87.1163291
UMI-01-0003,Lateral No. 77,41.06017241,-87.0396558
UMI-01-0009,Tributary of Lateral No. 77,41.11484097,-87.09728373
UMI020-0019,Iroquois River,40.93094135,-87.17441639
UMI020-0019,Iroquois River,40.93094135,-87.17441639
UMI020-0023,Iroquois River,40.98247887,-87.12795876
UMI020-0026,Iroquois River,40.93774246,-87.12481168
UMI020-0027,Iroquois River,40.93051751,-87.13602963
UMI-02-0014,Slough Creek,40.89149503,-87.15501084
UMI-02-0015,Carpenter Creek,40.70554814,-87.20826197
UMI-02-0016,Bice Ditch,40.87863928,-87.1002873
UMI030-0044,Carpenter Creek,40.82275203,-87.17585605
UMI030-0044,Carpenter Creek,40.82275203,-87.17585605
UMI030-0046,Slough Creek,40.89423325,-87.1681159
UMI-03-0008,Ryan Ditch,40.9822325,-86.99174881
UMI-03-0010,Iroquois River,40.99328104,-87.1399475
UMI040-0039,Iroquois River,40.87468552,-87.29650722
UMI040-0040,Iroquois River,40.8604903,-87.34490241
UMI040-0041,Hunter Ditch,40.76702927,-87.27872948
UMI040-0042,Curtis Creek,41.02812488,-87.30031055
UMI040-0042,Curtis Creek,41.02812488,-87.30031055
UMI-04-0018,Bower Ditch,40.79207009,-87.36102309
UMI-04-0019,Iroquois River,40.87015,-87.306317
UMI-04-0022,Iroquois River,40.90490968,-87.21009642
UMI050-0017,Bonham Ditch,40.78055556,-87.50472222
UMI-05-0004,Kent Ditch,40.76914179,-87.44212768
UMI-05-0004,Kent Ditch,40.76914179,-87.44212768
UMI-05-0005,Thompson Ditch,40.85874939,-87.44968253
UMI050-0066,Kent Ditch,40.75178082,-87.44006291
UMI050-0067,Montgomery Ditch,40.80534561,-87.493126
UMI050-0068,Montgomery Ditch,40.80318995,-87.46599343
UMI050-0069,Montgomery Ditch,40.79125132,-87.37424665
UMI-07-0001,Upper Sugar Creek,40.68643273,-87.31020835
UMI070-0019,Upper Sugar Creek,40.67271544,-87.2966499
UMI-07-0002,Sugar Creek,40.66131326,-87.48209148
UMI-13-0003,Carlson Ditch,40.93836695,-87.51768011
UMK010-0029,Hooten Ditch,41.6855848,-86.48085156
UMK-01-0010,Jordans Creek,41.49240933,-86.43861589
UMK020-0015,Potato Creek,41.5377153,-86.43965343
UMK020-0015,Potato Creek,41.5377153,-86.43965343
UMK020-0021,Potato Creek,41.5483437,-86.40983301
UMK020-0027,Potato Creek,41.52413044,-86.47728046
UMK-02-0005,Niespodziany Ditch,41.694167,-86.48324
UMK-02-0005,Niespodziany Ditch,41.694167,-86.48324
UMK-02-0006,Niespodziany Ditch,41.686253,-86.477028
UMK-02-0006,Niespodziany Ditch,41.686253,-86.477028
UMK-02-0007,Niespodziany Ditch,41.636156,-86.462597
UMK-02-0007,Niespodziany Ditch,41.636156,-86.462597
UMK-02-0007,Niespodziany Ditch,41.636156,-86.462597
UMK-02-0008,Hooten Ditch,41.68637,-86.490918
UMK-02-0014,Mill Creek,41.5495069,-86.54676426
UMK-02-0015,Little Kankakee River,41.64567979,-86.64565451
UMK030-0017,Travis Ditch,41.51819444,-86.68333333
UMK030-0039,Tributary of Mill Creek,41.49693356,-86.79329403
UMK030-0041,Kankakee River,41.36024501,-86.72357423
UMK-03-0036,Yellow River,41.35760252,-86.29397291
UMK-03-0042,Yellow River,41.44290615,-86.17314675
UMK040-0010,Kankakee River,41.32484321,-86.73797653
UMK-04-0009,Kankakee River,41.4631746,-86.61322794
UMK-04-0009,Kankakee River,41.4631746,-86.61322794
UMK-04-0010,Kankakee River,41.49472954,-86.56686078
UMK-04-0010,Kankakee River,41.49472954,-86.56686078
UMK-04-0011,Kankakee River,41.51612324,-86.53707135
UMK-04-0012,Mill Creek,41.45680765,-86.74789344
UMK-04-0012,Mill Creek,41.45680765,-86.74789344
UMK050-0066,Yellow River,41.43697645,-86.17254543
UMK050-0067,Yellow River,41.36702776,-86.22320097
UMK050-0068,Yellow River,41.36928389,-86.26052871
UMK-05-0016,Yellow River,41.29388339,-86.76468411
UMK-05-0017,Yellow River,41.27019518,-86.38248937
UMK-05-0018,Yellow River,41.30631296,-86.67289841
UMK-05-0019,Yellow River,41.30626422,-86.74029668
UMK-05-0020,Wolf Creek,41.24520824,-86.30316092
UMK-05-0022,Harry Cool Ditch,41.29987452,-86.42077341
UMK060-0018,Yellow River,41.30277778,-86.62083333
UMK060-0041,Eagle Creek,41.30394,-86.563448
UMK060-0042,Yellow River,41.27626342,-86.4498675
UMK060-0045,Yellow River,41.27846427,-86.78767084
UMK060-0046,Yellow River,41.27606696,-86.43777786
UMK060-0047,Yellow River,41.30620281,-86.63491157
UMK060-0047,Yellow River,41.30620281,-86.63491157
UMK060-0048,Yellow River,41.30642965,-86.72723825
UMK-08-0001,Kankakee River,41.24186771,-87.01227909
UMK080-0018,Kankakee River,41.2416013,-86.92479372
UMK090-0050,Cobb Ditch,41.32680652,-87.08120339
UMK090-0060,Slocum Ditch,41.4485897,-86.90191334
UMK090-0062,Heinold Ditch,41.37311101,-86.96685129
UMK090-0063,Cobb Ditch,41.36355696,-87.07129219
UMK100-0005,Schatzley Ditch,41.1875,-87.12833333
UMK100-0012,Tributary of Wolf Creek,41.21727544,-87.07861153
UMK100-0014,Wolf Creek,41.2421997,-87.11252077
UMK100-0014,Wolf Creek,41.2421997,-87.11252077
UMK-10-0007,Kankakee River,41.26833467,-87.18369055
UMK-10-0009,Sandy Hook Ditch,41.30234768,-87.09489621
UMK-10-0009,Sandy Hook Ditch,41.30234768,-87.09489621
UMK-10-0014,Sandy Hook Ditch,41.28599067,-87.117368
UMK-10-0028,Slocum Ditch,41.4485897,-86.90191334
UMK-11-0001,Kankakee River,41.17287356,-87.38058661
UMK-11-0002,Kankakee River,41.21209964,-87.29057534
UMK-12-0001,Kankakee River,41.17036823,-87.4694992
UMK120-0019,Kankakee River,41.179029,-87.36959756
UMK130-0047,Bruce Ditch,41.22100557,-87.45506895
UMK130-0054,Bryant Ditch,41.27490235,-87.30983913
UMK130-0072,Spring Run,41.31143677,-87.36332458
UMK130-0078,Tributary of Tully Ditch,41.21937633,-87.29176542
UMK130-0079,Singleton Ditch,41.22558394,-87.40365737
UMK-13-0013,West Creek,41.35446627,-87.49644288
UMK-13-0015,Singleton Ditch,41.18957252,-87.52057545
UMK140-0027,Tributary of West Creek,41.34492423,-87.50628424
UMK140-0036,West Creek,41.29469584,-87.51325246
UMK140-0036,West Creek,41.29469584,-87.51325246
WAE010-0011,Eel River,41.13267276,-85.46290461
WAE010-0014,Gangwer Ditch,41.11375624,-85.43732109
WAE-01-0023,Blue Babe Branch,41.22503339,-85.50329177
WAE-02-0002,Eel River,41.18827707,-85.28358279
WAE020-0032,Tributary of Cole Ditch,41.22182454,-85.46814003
WAE020-0038,Blue Babe Branch,41.17975099,-85.48210651
WAE020-0041,Blue River,41.18116012,-85.45652031
WAE020-0042,Phillips Ditch,41.15558989,-85.49945683
WAE020-0043,Blue River,41.15387149,-85.48538385
WAE020-0044,Blue River,41.13266803,-85.49447103
WAE020-0045,Cole Ditch,41.2002127,-85.44827609
WAE030-0039,Spring Creek,41.10852404,-85.61568413
WAE030-0042,Clear Creek,41.13299504,-85.66094003
WAE030-0059,County Farm Ditch,41.15525602,-85.53457139
WAE040-0005,Eel River,40.99388889,-85.78194444
WAE-04-0001,Swank Creek,41.03923252,-85.76802685
WAE-04-0001,Swank Creek,41.03923252,-85.76802685
WAE040-0019,Wheeler Creek,41.03770158,-85.7038943
WAE040-0019,Wheeler Creek,41.03770158,-85.7038943
WAE060-0007,Wilson Rhodes Ditch,40.896107,-85.997692
WAE060-0012,Eel River,40.8256862,-86.11336948
WAE060-0012,Eel River,40.8256862,-86.11336948
WAE-06-0003,Flowers Creek,40.8618552,-86.02619764
WAE-07-0002,Eel River,40.81686258,-86.16944046
WAE070-0020,East Branch Twelve Mile Creek,40.83460813,-86.22456963
WAE070-0020,East Branch Twelve Mile Creek,40.83460813,-86.22456963
WAE-07-0003,Eel River,40.79740035,-86.25629436
WAW-01-0001,Mud Creek,40.42278569,-85.90415225
WAW010-0126,Mud Creek,40.37856429,-86.05178641
WAW020-0043,Wildcat Creek,40.45472222,-86.73305556
WAW020-0072,Wildcat Creek,40.46444444,-86.63694444
WAW020-0074,Wildcat Creek,40.48277778,-86.51194444
WAW020-0104,Little Wildcat Creek,40.46355666,-86.24823154
WAW030-0035,Middle Fork Wildcat Creek,40.40678024,-86.70956232
WAW030-0044,Middle Fork Wildcat Creek,40.41667246,-86.41389408
WAW-03-0036,South Fork Wildcat Creek,40.42954863,-86.77202395
WAW-04-0001,Honey Creek,40.38909209,-86.25241072
WAW040-0018,South Fork Wildcat Creek,40.31493762,-86.5437585
WAW-04-0002,Wildcat Creek,40.48653441,-86.43770926
WAW-04-0003,Wildcat Creek,40.47202904,-86.26832493
WAW040-0034,South Fork Wildcat Creek,40.32791446,-86.65089206
WAW040-0037,Anderson Ditch,40.27269567,-86.74043075
WAW040-0037,Anderson Ditch,40.27269567,-86.74043075
WAW040-0041,South Fork Wildcat Creek,40.3437413,-86.74510033
WAW040-0043,South Fork Wildcat Creek,40.41806385,-86.76806189
WAW040-0046,Heavilon Ditch,40.29196187,-86.58991436
WAW040-0065,South Fork Wildcat Creek,40.32092985,-86.61818972
WAW040-0073,Lauramie Creek,40.30138356,-86.76400339
WAW040-0080,South Fork Wildcat Creek,40.32917794,-86.64715266
WAW040-0080,South Fork Wildcat Creek,40.32917794,-86.64715266
WAW040-0080,South Fork Wildcat Creek,40.32917794,-86.64715266
WAW040-0087,Lauramie Creek,40.27269506,-86.71744447
WAW040-0123,Boyles Ditch,40.34393977,-86.55395556
WAW040-0125,Kilmore Creek,40.34213302,-86.58022856
WAW040-0125,Kilmore Creek,40.34213302,-86.58022856
WAW040-0129,Tributary of Prairie Creek,40.28384152,-86.49936269
WAW040-0129,Tributary of Prairie Creek,40.28384152,-86.49936269
WAW040-0134,Tributary of South Fork Wildcat Creek,40.31573085,-86.66624526
WAW040-0135,Tributary of South Fork Wildcat Creek,40.32163625,-86.69187389
WAW040-0136,Tributary of South Fork Wildcat Creek,40.3157711,-86.70247461
WAW040-0136,Tributary of South Fork Wildcat Creek,40.3157711,-86.70247461
WBU-03-0001,Tributary of Brouilletts Creek,39.66018531,-87.45611724
WBU030-0060,North Branch Otter Creek,39.56967406,-87.24284795
WBU030-0070,Wabash River,39.5930989,-87.39231299
WBU-04-0005,North Branch Otter Creek,39.54643943,-87.28653001
WBU-04-0007,North Branch Otter Creek,39.59266841,-87.17588243
WBU-04-0007,North Branch Otter Creek,39.59266841,-87.17588243
WBU050-0011,Wabash River,39.43892895,-87.44629395
WBU-05-0002,Wolf Creek,39.51544061,-87.47301754
WBU-06-0001,Wabash River,39.54005316,-87.41524105
WBU-06-0001,Wabash River,39.54005316,-87.41524105
WBU-06-0003,Spring Creek,39.588321,-87.33782863
WBU070-0004,Wabash River,39.33877452,-87.5653678
WBU070-0004,Wabash River,39.33877452,-87.5653678
WBU070-0005,Wabash River,39.40361311,-87.48536326
WBU070-0005,Wabash River,39.40361311,-87.48536326
WBU-07-0002,Tributary of Honey Creek,39.37405725,-87.36118001
WBU-07-0014,Jordan Creek,39.366,-87.409
WBU-07-0014,Jordan Creek,39.366,-87.409
WBU-07-0015,Jordan Creek,39.375,-87.412
WBU-07-0016,Honey Creek,39.397,-87.424
WBU-07-0017,Honey Creek,39.399,-87.426
WBU-09-0002,Jordan Creek,39.364,-87.408
WBU-11-0001,Wabash River,39.17363986,-87.61909002
WBU-12-0012,Turman Creek,39.23006696,-87.40905956
WBU130-0001,Turman Creek,39.12777778,-87.595
WBU130-0005,Turman Creek,39.1571212,-87.55122258
WBU130-0005,Turman Creek,39.1571212,-87.55122258
WBU130-0006,Turman Creek,39.23704586,-87.40757716
WBU150-0015,Wabash River,38.97444618,-87.53698496
WBU150-0015,Wabash River,38.97444618,-87.53698496
WBU-15-0038,Rogers Ditch,38.97413786,-87.4825249
WBU160-0185,Sulphur Creek,39.18694444,-87.27083333
WBU160-0216,Busseron Creek,39.24571564,-87.31418468
WBU160-0219,West Fork Busseron Creek,39.19358301,-87.33601934
WBU-16-0048,Turtle Creek,39.10858944,-87.49000972
WBU-16-0049,Turtle Creek,39.09574222,-87.50461944
WBU-16-0050,Turtle Creek,39.04176611,-87.52525722
WBU-16-0051,Turtle Creek,39.03298028,-87.53956222
WBU-16-0051,Turtle Creek,39.03298028,-87.53956222
WBU-16-0052,Turtle Creek,39.02758556,-87.550315
WBU-16-0057,Little Turtle Creek,39.03054222,-87.50847306
WBU-18-0004,Maria Creek,38.77346609,-87.47276474
WBU-18-0006,Cotton Branch,38.80484345,-87.43683573
WBU-18-0007,Maria Creek,38.81132047,-87.41786769
WBU-18-0008,Maria Creek,38.82277464,-87.39165609
WBU-18-0009,Tilley Ditch,38.83515979,-87.36320071
WBU-18-0010,Tributary of Maria Creek,38.85491041,-87.33425654
WBU-18-0011,Tributary of Maria Creek,38.85825935,-87.36008418
WBU-18-0012,Marsh Creek,38.85411968,-87.40062745
WBU-18-0013,Maria Creek,38.85856832,-87.35338437
WBU-18-0014,Tributary of Maria Creek,38.88102991,-87.35283082
WBU-18-0014,Tributary of Maria Creek,38.88102991,-87.35283082
WBU-18-0015,Marsh Creek,38.89457743,-87.42206062
WBU-18-0016,Marsh Creek,38.92284804,-87.40375974
WBU-18-0018,Tributary of Maria Creek,38.8704527,-87.33404307
WBU-18-0019,Maria Creek,38.92436463,-87.33311929
WBU-18-0020,Maria Creek,38.93557589,-87.32321181
WBU190-0001,Marsh Creek,38.82846342,-87.3998718
WBU190-0002,Maria Creek,38.88172725,-87.3466803
WBU190-0002,Maria Creek,38.88172725,-87.3466803
WBU190-0002,Maria Creek,38.88172725,-87.3466803
WBU200-0005,Snapp Creek,38.70111111,-87.49916667
WBU200-0006,Smalls Creek,38.75166667,-87.48777778
WBU200-0019,Tributary of Snapp Creek,38.69211003,-87.44226693
WDE010-0008,Galbreath Ditch,40.80129243,-86.56023216
WDE-01-0003,Galbreath Ditch,40.800207,-86.53706557
WDE-01-0004,Wabash River,40.7426755,-86.49064296
WDE020-0015,Wabash River,40.71990081,-86.51580776
WDE-03-0001,Pleasant Run,40.62655157,-86.68329732
WDE040-0006,Deer Creek,40.60809373,-86.02501895
WDE050-0011,Deer Creek,40.57444444,-86.68305556
WDE050-0012,Deer Creek,40.58611111,-86.66888889
WDE050-0013,Deer Creek,40.59053928,-86.62146359
WDE050-0013,Deer Creek,40.59053928,-86.62146359
WDE050-0014,Little Deer Creek,40.59,-86.46777778
WDE050-0024,Deer Creek,40.59453899,-86.51554167
WDE050-0025,Deer Creek,40.60072027,-86.54737908
WDE050-0025,Deer Creek,40.60072027,-86.54737908
WDE050-0030,Harrison-Harlan Ditch,40.52577483,-86.23959501
WDE050-0031,Deer Creek,40.60803025,-86.3704127
WDE050-0031,Deer Creek,40.60803025,-86.3704127
WDE050-0031,Deer Creek,40.60803025,-86.3704127
WDE-05-0007,Little Deer Creek,40.57838131,-86.46049366
WDE-05-0010,Little Deer Creek,40.57587487,-86.45623241
WDE070-0010,Wabash River,40.48484538,-86.83522694
WED010-0011,Big Blue River,39.87388889,-85.43888889
WED010-0047,Big Blue River,39.9847715,-85.35127738
WED010-0047,Big Blue River,39.9847715,-85.35127738
WED-01-0006,Big Blue River,39.94459528,-85.37879957
WED-01-0008,Buck Creek,39.80558767,-85.42954839
WED-01-0008,Buck Creek,39.80558767,-85.42954839
WED020-0023,Big Blue River,39.58168667,-85.76206306
WED-02-0003,Little Blue River,39.70787919,-85.51414869
WED-02-0005,Little Blue River,39.562584,-85.710625
WED030-0008,Little Blue River,39.655,-85.57083333
WED-03-0001,Brandywine Creek,39.61836716,-85.80054133
WED-03-0001,Brandywine Creek,39.61836716,-85.80054133
WED-03-0001,Brandywine Creek,39.61836716,-85.80054133
WED030-0028,Little Blue River,39.53976495,-85.72693629
WED030-0028,Little Blue River,39.53976495,-85.72693629
WED-03-0004,Brandywine Creek,39.522066,-85.85879
WED040-0003,Brandywine Creek,39.68694444,-85.77388889
WED040-0003,Brandywine Creek,39.68694444,-85.77388889
WED-04-0001,Sugar Creek,39.93160872,-85.69904306
WED-04-0001,Sugar Creek,39.93160872,-85.69904306
WED-04-0004,Sugar Creek,39.923899,-85.715047
WED-05-0001,Doe Creek,39.71379993,-85.95413945
WED050-0016,Big Blue River,39.443892,-85.88859677
WED-05-0004,Buck Creek,39.643315,-85.957446
WED-06-0002,Amity Ditch,39.46050335,-85.99497713
WED-06-0007,Youngs Creek,39.463828,-86.037886
WED-07-0001,Sugar Creek,39.36953801,-85.99488726
WED-07-0001,Sugar Creek,39.36953801,-85.99488726
WED-07-0003,Sugar Creek,39.451304,-85.968748
WED-07-0004,Sugar Creek,39.463152,-85.953539
WED-07-0005,Snail Creek,39.602153,-85.872905
WED080-0019,Leather Run,39.62359482,-86.01955452
WED-08-0006,Sixmile Creek,39.768126,-85.614872
WED090-0008,Sugar Creek,39.38111111,-86.00583333
WED-09-0003,Lick Creek,39.299269,-85.977189
WED100-0011,Driftwood River,39.32208203,-85.9814833
WEF-01-0001,Flatrock River,39.87922715,-85.34732435
WEF-02-0001,Little Flatrock River,39.48795633,-85.4754141
WEF020-0015,Flatrock River,39.55042095,-85.4944404
WEF020-0016,Ben Davis Creek,39.63622914,-85.36149011
WEF-03-0003,Mud Creek,39.64422,-85.534005
WEF-03-0003,Mud Creek,39.64422,-85.534005
WEF040-0013,Mud Creek,39.62970873,-85.54871112
WEF040-0013,Mud Creek,39.62970873,-85.54871112
WEF050-0006,Lewis Creek,39.36361111,-85.85805556
WEF050-0006,Lewis Creek,39.36361111,-85.85805556
WEF-06-0001,Flatrock River,39.260094,-85.92208196
WEF-06-0001,Flatrock River,39.260094,-85.92208196
WEF-06-0001,Flatrock River,39.260094,-85.92208196
WEF-06-0002,Flatrock River,39.33192521,-85.86121339
WEF-06-0002,Flatrock River,39.33192521,-85.86121339
WEF-06-0003,Flatrock River,39.39623744,-85.71640368
WEF-06-0005,Flatrock River,39.186226,-85.920849
WEF-06-0006,Flatrock River,39.387096,-85.80556
WEL010-0010,East Fork White River,38.76376297,-86.25318445
WEL-01-0003,Rush Creek,38.70966657,-86.20826039
WEL-01-0003,Rush Creek,38.70966657,-86.20826039
WEL-02-0003,Clear Spring Creek,38.904718,-86.214302
WEL-02-0003,Clear Spring Creek,38.904718,-86.214302
WEL030-0004,Guthrie Creek,38.80222222,-86.29527778
WEL030-0010,Guthrie Creek,38.80781472,-86.38770057
WEL-04-0001,South Fork Salt Creek,39.05024368,-86.28270753
WEL040-0010,Leatherwood Creek,38.85414306,-86.47047228
WEL040-0010,Leatherwood Creek,38.85414306,-86.47047228
WEL040-0011,Leatherwood Creek,38.82872908,-86.50079275
WEL-04-0002,Little Salt Creek,39.014975,-86.186362
WEL-04-0005,South Fork Salt Creek,39.025012,-86.264792
WEL050-0019,North Fork Salt Creek,39.24982344,-86.13606987
WEL-05-0002,Middle Fork Salt Creek,39.063272,-86.273998
WEL060-0008,South Fork Salt Creek,39.02356064,-86.2627895
WEL-06-0026,North Fork Salt Creek,39.16748,-86.326768
WEL-06-0030,North Fork Salt Creek,39.147285,-86.399887
WEL080-0015,Crooked Creek,39.11834668,-86.31007936
WEL-08-0005,Clear Creek,39.09653197,-86.54621521
WEL-08-0006,Jackson Creek,39.100208,-86.538453
WEL-08-0007,Clear Creek,39.10782033,-86.54224662
WEL-08-0008,Clear Creek,39.13611912,-86.53357496
WEL-08-0010,Tributary of Clear Creek,39.07963838,-86.56892374
WEL-08-0011,Tributary of Clear Creek,39.06289663,-86.57979919
WEL-08-0012,Clear Creek,39.03414811,-86.56699363
WEL-08-0013,Tributary of Clear Creek,39.0702206,-86.56166547
WEL-08-0014,Judah Branch,38.99823062,-86.54533379
WEL-08-0015,Clear Creek,39.01904039,-86.54397463
WEL-08-0016,Clear Creek,39.01202887,-86.52932937
WEL-08-0017,Little Clear Creek,39.0214442,-86.53070632
WEL-08-0018,Little Salt Creek,38.9646585,-86.37818879
WEL-08-0019,Henderson Creek,38.96203,-86.367979
WEL-08-0019,Henderson Creek,38.96203,-86.367979
WEL-08-0021,Little Salt Creek,38.94981308,-86.47954252
WEL-08-0021,Little Salt Creek,38.94981308,-86.47954252
WEL-08-0022,Knob Creek,38.95516682,-86.46632209
WEL-08-0023,Little Salt Creek,38.94972454,-86.46436822
WEL-08-0025,Gulletts Creek,38.92224683,-86.51866123
WEL-08-0025,Gulletts Creek,38.92224683,-86.51866123
WEL-08-0026,Pleasant Run,38.90414679,-86.4919051
WEL-08-0027,Salt Creek,38.92679458,-86.50756667
WEL-08-0029,Wolf Creek,38.97637935,-86.47784921
WEL-08-0031,Goose Creek,38.89981199,-86.53217886
WEL-08-0033,Salt Creek,38.83883226,-86.54899111
WEL-08-0034,Salt Creek,38.97741389,-86.50620674
WEL-08-0035,Little Salt Creek,38.983055,-86.368749
WEL090-0003,Salt Creek,38.88843796,-86.50861111
WEL090-0009,Pleasant Run Creek,38.90027778,-86.46944444
WEL-09-0001,Spring Creek,38.91401264,-86.64867662
WEL-09-0001,Spring Creek,38.91401264,-86.64867662
WEL090-0013,Henderson Creek,38.96203016,-86.36797871
WEL090-0013,Henderson Creek,38.96203016,-86.36797871
WEL090-0013,Henderson Creek,38.96203016,-86.36797871
WEL090-0015,Wolf Creek,38.97641779,-86.47784646
WEL090-0015,Wolf Creek,38.97641779,-86.47784646
WEL090-0015,Wolf Creek,38.97641779,-86.47784646
WEL-09-0004,Indian Creek,38.96138145,-86.69829469
WEL-09-0004,Indian Creek,38.96138145,-86.69829469
WEL-09-0004,Indian Creek,38.96138145,-86.69829469
WEL-09-0005,Indian Creek,38.88770603,-86.65438381
WEL-09-0006,Indian Creek,38.825422,-86.668406
WEL-09-0006,Indian Creek,38.825422,-86.668406
WEL100-0015,East Fork White River,38.74281,-86.730048
WEL-10-0004,East Fork White River,38.836347,-86.545825
WEL-10-0006,Leatherwood Creek,38.844726,-86.474517
WEL-11-0001,Boggs Creek,38.73590211,-86.84368927
WEL110-0016,Indian Creek,38.933431,-86.689089
WEL110-0017,Indian Creek,38.79741974,-86.70419597
WEL-13-0023,Lost River,38.53703097,-86.8086732
WEL-13-0024,Lost River,38.61127104,-86.58893613
WEL-13-0026,French Lick Creek,38.51055774,-86.61420286
WEL-13-0033,Lost River,38.586388,-86.702576
WEL-13-0036,Lost River,38.57522,-86.796871
WEL140-0005,East Fork White River,38.61644576,-86.88260864
WEL-14-0001,East Fork White River,38.62088367,-86.84257322
WEL-14-0003,East Fork White River,38.54118771,-86.8176927
WEL-14-0004,East Fork White River,38.673489,-86.791021
WEL150-0005,Lost River,38.63652778,-86.36583333
WEL150-0010,Lost River,38.62938465,-86.42034098
WEL150-0010,Lost River,38.62938465,-86.42034098
WEL-15-0007,Slate Creek,38.51250174,-86.93335027
WEL-15-0008,Slate Creek,38.5372791,-86.90454648
WEL-15-0009,Sugar Creek,38.52499172,-86.97601645
WEL-15-0010,East Fork White River,38.50249408,-86.97378035
WEL-15-0011,Mill Creek,38.44462742,-86.9572646
WEL-15-0012,Mill Creek,38.48120673,-86.9532425
WEL-15-0013,Birch Creek,38.44632961,-87.01927685
WEL-15-0014,Birch Creek,38.48970169,-87.02040567
WEL-15-0014,Birch Creek,38.48970169,-87.02040567
WEL-15-0015,Bear Creek,38.50282544,-87.10058146
WEL-15-0016,Beech Creek,38.5026304,-87.12903192
WEL-15-0017,Mud Creek,38.52720513,-87.2197717
WEL-15-0018,Sugar Creek,38.56749827,-86.9603095
WEL-15-0020,East Fork White River,38.53880862,-87.22310507
WEL-15-0021,Tributary of Slate Creek,38.53954972,-86.93251145
WEL-15-0022,West Fork Sugar Creek,38.55422248,-86.99274895
WEL160-0022,Tributary of French Lick Creek,38.53493436,-86.58887009
WEL160-0025,Lost River,38.5849311,-86.74221456
WEL160-0027,Lost River,38.5971791,-86.67562054
WEL160-0028,Tributary of Lost River,38.59051313,-86.77820607
WEL170-0008,Aikman Creek,38.57095187,-87.16732939
WEL170-0008,Aikman Creek,38.57095187,-87.16732939
WEL170-0019,East Fork White River,38.53103422,-87.16033677
WEL170-0021,Sugar Creek,38.52217625,-86.97444882
WEL170-0022,East Fork White River,38.50102611,-86.89976832
WEM010-0016,Middle Fork Creek,38.84326084,-85.48528404
WEM-02-0001,Little Graham Creek,38.93877027,-85.47640583
WEM020-0015,Graham Creek,38.91629314,-85.59884733
WEM020-0015,Graham Creek,38.91629314,-85.59884733
WEM020-0015,Graham Creek,38.91629314,-85.59884733
WEM020-0018,North Fork Creek,39.06035278,-85.34410833
WEM-02-0002,Graham Creek,38.90637908,-85.60614372
WEM-02-0002,Graham Creek,38.90637908,-85.60614372
WEM-02-0002,Graham Creek,38.90637908,-85.60614372
WEM020-0020,Graham Creek,39.05678889,-85.266975
WEM020-0021,Graham Creek,39.04543333,-85.28460556
WEM020-0022,Graham Creek,39.02889167,-85.29721944
WEM020-0023,Graham Creek,39.03078333,-85.32508889
WEM020-0025,Little Graham Creek,38.99945833,-85.36087778
WEM020-0025,Little Graham Creek,38.99945833,-85.36087778
WEM020-0026,Little Graham Creek,39.00094722,-85.35948889
WEM020-0028,Little Graham Creek,39,-85.33364167
WEM020-0029,Little Graham Creek,38.99251944,-85.30600833
WEM020-0030,Rush Branch,38.99301667,-85.46733056
WEM020-0030,Rush Branch,38.99301667,-85.46733056
WEM020-0031,Rush Creek,38.977825,-85.47490556
WEM020-0031,Rush Creek,38.977825,-85.47490556
WEM020-0032,Graham Creek,38.97741667,-85.467675
WEM020-0034,Graham Creek,38.98053056,-85.45269722
WEM020-0036,Graham Creek,38.95665865,-85.49473126
WEM020-0036,Graham Creek,38.95665865,-85.49473126
WEM020-0036,Graham Creek,38.95665865,-85.49473126
WEM020-0038,Little Graham Creek,38.95271944,-85.48866944
WEM020-0040,Little Graham Creek,38.93831694,-85.46241889
WEM020-0040,Little Graham Creek,38.93831694,-85.46241889
WEM020-0041,Little Graham Creek,38.98527222,-85.39811111
WEM020-0042,Graham Creek,39.00787,-85.3831
WEM020-0043,Graham Creek,39.00815833,-85.37036111
WEM020-0044,North Fork Creek,39.03832472,-85.33587417
WEM-02-0006,Little Graham Creek,38.945491,-85.459823
WEM-04-0007,Finch Branch,39.09791152,-85.47036113
WEM050-0005,Leatherwood Creek,39.1175,-85.4725
WEM050-0008,Vernon Fork Muscatatuck River,39.16461286,-85.46203808
WEM050-0008,Vernon Fork Muscatatuck River,39.16461286,-85.46203808
WEM050-0032,Square Run,39.2114249,-85.44424191
WEM050-0034,Vernon Fork Muscatatuck River,39.16329167,-85.4624
WEM050-0035,Sugar Creek,39.16175556,-85.42220556
WEM050-0039,Leatherwood Creek,39.14808338,-85.38971248
WEM050-0040,Finch Branch,39.09772171,-85.47048901
WEM050-0048,Vernon Fork Muscatatuck River,39.13583428,-85.47512137
WEM060-0003,Otter Creek,38.98888889,-85.57527778
WEM060-0044,Otter Creek,39.0033113,-85.51991718
WEM060-0044,Otter Creek,39.0033113,-85.51991718
WEM-06-0016,Muscatatuck River,38.80705892,-85.78672817
WEM-06-0018,Big Creek,38.804082,-85.619486
WEM-06-0019,Neils Creek,38.839068,-85.560492
WEM070-0001,Vernon Fork Muscatatuck River,38.97636147,-85.61982644
WEM070-0020,Vernon Fork Muscatatuck River,38.90610116,-85.82106186
WEM070-0029,Tea Creek,38.88604598,-85.73130525
WEM070-0029,Tea Creek,38.88604598,-85.73130525
WEM070-0036,Vernon Fork Muscatatuck River,38.9542949,-85.68498536
WEM070-0039,Vernon Fork Muscatatuck River,38.91099289,-85.73008428
WEM070-0039,Vernon Fork Muscatatuck River,38.91099289,-85.73008428
WEM-07-0004,Vernon Fork Muscatatuck River,38.97467929,-85.6141175
WEM-07-0004,Vernon Fork Muscatatuck River,38.97467929,-85.6141175
WEM-07-0005,Mutton Creek Ditch,38.91423263,-85.83048217
WEM-07-0005,Mutton Creek Ditch,38.91423263,-85.83048217
WEM-07-0010,Grassy Creek,38.79404814,-85.86931487
WEM-07-0014,Storm Creek,38.98320117,-85.78670909
WEM-07-0015,John McDonald Ditch,38.86303512,-85.84559017
WEM-07-0016,Mutton Creek Tributary,38.98394507,-85.82854896
WEM-07-0017,Sixmile Creek,38.91115339,-85.76232742
WEM-07-0018,Sixmile Creek,38.95438451,-85.73213825
WEM-07-0019,Sixmile Creek,39.01009591,-85.70497622
WEM-07-0020,Sixmile Creek,39.04575935,-85.67644157
WEM-07-0021,Tea Creek,38.88831932,-85.68906831
WEM-07-0026,Storm Creek,38.984641,-85.786134
WEM080-0005,Tributary to Richart Lake,38.96953088,-85.77740247
WEM080-0013,Storm Creek Ditch,38.94055314,-85.80592841
WEM080-0014,Mutton Creek Ditch,38.94073301,-85.81562398
WEM080-0014,Mutton Creek Ditch,38.94073301,-85.81562398
WEM080-0023,Mutton Creek,39.04234019,-85.72230663
WEM080-0025,Mutton Creek,39.02796879,-85.76541025
WEM080-0027,Mutton Creek,38.99864465,-85.80638235
WEM-08-0003,Honey Run,38.70089706,-85.79337602
WEM-08-0010,Ox Ditch,38.718243,-85.862947
WEM-08-0013,Cammie Thomas Ditch,38.753472,-85.982122
WEM090-0003,Vernon Fork Muscatatuck River,38.79353579,-85.88407543
WEM090-0012,Smart Ditch,38.76863872,-85.94701772
WEM090-0014,Muscatatuck River,38.75278001,-85.92863956
WEM090-0015,Vernon Fork Muscatatuck River,38.88857072,-85.85168772
WEM-09-0005,Cammie Thomas Ditch,38.75698072,-86.0089228
WEM-09-0018,Muscatatuck River,38.763196,-86.136917
WEM110-0014,Muscatatuck River,38.77199776,-86.15852448
WEU-01-0001,Fall Fork,39.27015288,-85.64463475
WEU-01-0002,Clifty Creek,39.32439,-85.673082
WEU-01-0003,Clifty Creek,39.350706,-85.624236
WEU-01-0003,Clifty Creek,39.350706,-85.624236
WEU010-0039,Clifty Creek,39.3869064,-85.55987034
WEU010-0039,Clifty Creek,39.3869064,-85.55987034
WEU010-0040,Clifty Creek,39.20858111,-85.87337078
WEU010-0040,Clifty Creek,39.20858111,-85.87337078
WEU010-0041,Clifty Creek,39.49786494,-85.38461152
WEU-02-0001,East Fork White River,39.06385419,-85.85111493
WEU-02-0003,East Fork White River,39.094784,-85.868439
WEU030-0046,Wyaloosing Creek,39.14904774,-85.60586444
WEU030-0047,Sand Creek,39.06900567,-85.79524371
WEU-03-0034,Sand Creek,39.26886604,-85.53076434
WEU-03-0035,Muddy Fork Sand Creek,39.31111096,-85.52359556
WEU-03-0042,Sand Creek Tributary,39.341661,-85.477276
WEU-04-0002,White Creek,39.05743422,-85.97109884
WEU-04-0005,Spray Creek,38.96794036,-86.07595357
WEU050-0008,East Fork White Creek,39.10265909,-85.95886706
WEU-05-0001,East Fork White River,39.0279766,-85.85856719
WEU-05-0005,East Fork White River,39.040913,-85.858479
WEU060-0009,East Fork White River,38.79801056,-86.16328081
WEU-06-0001,East Fork White River,38.82858853,-86.13652193
WEU-06-0002,East Fork White River,38.85297617,-86.11376977
WLV010-0022,Burnett Creek,40.50868309,-86.84485413
WLV010-0022,Burnett Creek,40.50868309,-86.84485413
WLV010-0028,Wabash River,40.47424658,-86.87529636
WLV-01-0080,Wea Creek,40.36947846,-86.92054627
WLV-01-0081,Wea Creek,40.27730815,-86.88015113
WLV020-0005,Elliott Ditch,40.37111111,-86.90472222
WLV020-0033,Wea Creek,40.35754087,-86.89901404
WLV030-0047,Tributary of Wabash River,40.33063642,-87.09834344
WLV040-0003,Big Pine Creek,40.45238769,-87.25451699
WLV040-0011,Little Pine Creek,40.56385562,-87.14579064
WLV-04-0002,Big Pine Creek,40.37032945,-87.32238994
WLV040-0021,Owens Ditch,40.63248924,-87.22921795
WLV040-0053,Tributary of Big Pine Creek,40.43997793,-87.31670895
WLV040-0056,Tributary of Brown Ditch,40.53021031,-87.22194056
WLV-04-0006,Big Pine Creek,40.60928908,-87.16654971
WLV050-0005,Mud Pine Creek,40.44,-87.35833333
WLV060-0005,Big Pine Creek,40.30388889,-87.26305556
WLV060-0012,Big Pine Creek,40.3562596,-87.3189337
WLV-06-0004,Big Shawnee Creek,40.24770946,-87.27909356
WLV070-0013,Big Shawnee Creek,40.25507309,-87.19832832
WLV070-0013,Big Shawnee Creek,40.25507309,-87.19832832
WLV-07-0006,North Fork Coal Creek,40.18197005,-87.15314906
WLV-08-0001,Wabash River,40.04940772,-87.4311266
WLV080-0015,Opossum Run,40.19306429,-87.45961733
WLV080-0015,Opossum Run,40.19306429,-87.45961733
WLV080-0016,Wabash River,40.1961292,-87.40193673
WLV080-0016,Wabash River,40.1961292,-87.40193673
WLV080-0017,Bear Creek,40.21835369,-87.33942734
WLV080-0017,Bear Creek,40.21835369,-87.33942734
WLV-09-0001,Graham Creek,40.12656099,-87.35188313
WLV090-0010,Wabash River,40.13649138,-87.40395872
WLV100-0017,Tributary of North Fork Coal Creek,40.20400161,-87.03331872
WLV110-0006,Prairie Creek,40.03493383,-87.29776696
WLV110-0008,Prairie Creek,40.04317872,-87.30286222
WLV120-0004,Jim Branch,39.906318,-87.34030135
WLV120-0004,Jim Branch,39.906318,-87.34030135
WLV-12-0004,Big Raccoon Creek,39.91700994,-86.78103168
WLV-12-0005,Cornstalk Creek,39.8815025,-86.85376011
WLV-13-0011,South Fork Little Raccoon Creek,39.81866069,-87.06981631
WLV-13-0011,South Fork Little Raccoon Creek,39.81866069,-87.06981631
WLV-13-0013,Williams Creek,39.72050487,-87.19888329
WLV-13-0013,Williams Creek,39.72050487,-87.19888329
WLV140-0009,Little Vermilion River,39.91154115,-87.51211959
WLV140-0010,Little Vermilion River,39.89377406,-87.41372624
WLV-15-0001,Leatherwood Creek,39.81620217,-87.29742618
WLV-15-0002,Rock Run,39.65906644,-87.29645128
WLV-15-0003,Rocky Run,39.77088334,-87.32533279
WLV-15-0003,Rocky Run,39.77088334,-87.32533279
WLV160-0013,Big Raccoon Creek,39.85445546,-86.88695046
WLV160-0019,Big Raccoon Creek,39.96682944,-86.68402011
WLV-16-0002,Wabash River,39.93647677,-87.43231974
WLV160-0020,Big Raccoon Creek,39.94097222,-86.75701111
WLV160-0029,Lick Creek,39.8650826,-86.80604746
WLV-16-0003,Mill Creek,39.96693962,-87.33567535
WLV160-0038,Cornstalk Creek,39.87292896,-86.86071067
WLV160-0038,Cornstalk Creek,39.87292896,-86.86071067
WLV160-0041,Big Raccoon Creek,39.95574136,-86.71443146
WLV160-0042,Lick Creek,39.85685559,-86.77780256
WLV170-0017,Raccoon Creek,39.68586627,-87.08814612
WLV180-0041,Little Raccoon Creek,39.66842158,-87.24580839
WLV190-0020,Rock Run,39.73047322,-87.28464233
WLV190-0020,Rock Run,39.73047322,-87.28464233
WLV200-0007,Norton Creek,39.76824786,-87.44628408
WLV200-0008,Wabash River,39.76084799,-87.37976154
WLW010-0003,Wabash River,38.64185081,-87.6170985
WLW-02-0001,River Deshee,38.51962605,-87.6274733
WLW-02-0002,Wabash River,38.56242768,-87.6517381
WLW-03-0002,Wabash River,38.33330668,-87.82613293
WLW-03-0002,Wabash River,38.33330668,-87.82613293
WLW050-0003,Brown Ditch,38.34843089,-87.65687485
WLW-07-0002,Little Creek,38.05456496,-87.66741773
WLW-07-0003,Fun Creek,38.03119414,-87.92570276
WLW-07-0003,Fun Creek,38.03119414,-87.92570276
WLW-07-0003,Fun Creek,38.03119414,-87.92570276
WLW-07-0005,Big Creek,38.01662135,-87.8892028
WLW090-0007,Higgenbotham Ditch,38.27479006,-87.76801421
WLW-09-0001,Wabash River,37.880897,-88.076962
WLW-09-0001,Wabash River,37.880897,-88.076962
WLW110-0014,Clear Creek,38.10699045,-87.72418334
WMI-01-0008,Mississinewa River,40.28500331,-84.91256082
WMI-01-0008,Mississinewa River,40.28500331,-84.91256082
WMI020-0002,Mississinewa River,40.28,-84.99527778
WMI-02-0005,Flesher Creek,40.32287704,-85.06305408
WMI-02-0006,Days Creek,40.29150933,-85.06663128
WMI-02-0007,Mississinewa River,40.28521261,-85.09272912
WMI-02-0009,Bush Creek,40.2715842,-85.14504916
WMI-02-0010,Elkhorn Creek,40.23531716,-85.15990253
WMI-02-0011,Tributary of Bush Creek,40.23548165,-85.12875656
WMI-02-0012,Bear Creek,40.27939957,-85.07557146
WMI-02-0013,Fetid Creek,40.27963418,-85.02670141
WMI-02-0015,Dinner Creek,40.29338855,-85.14344373
WMI-02-0016,Halfway Creek,40.33951558,-85.16842863
WMI-02-0017,Halfway Creek,40.29780563,-85.23706964
WMI-02-0018,Mississinewa River,40.29172697,-85.23745496
WMI-02-0019,Mud Creek,40.28743735,-85.23592334
WMI-02-0021,Mississinewa River,40.28953873,-85.22106953
WMI030-0004,Mississinewa River,40.291757,-85.312849
WMI030-0010,Mississinewa River,40.306015,-85.303627
WMI030-0010,Mississinewa River,40.306015,-85.303627
WMI-03-0003,Big Lick Creek,40.38669306,-85.23901841
WMI-03-0005,Townsand Lucas Ditch,40.40744614,-85.42090196
WMI-03-0006,Big Lick Creek,40.42980064,-85.389155
WMI-03-0006,Big Lick Creek,40.42980064,-85.389155
WMI-03-0007,Moore Prong,40.44179343,-85.38917596
WMI-03-0008,Little Lick Creek,40.44922974,-85.35573679
WMI-03-0009,Big Lick Creek,40.37711799,-85.44786801
WMI-03-0010,Little Joe Creek,40.40711119,-85.39332705
WMI040-0003,Little Lick Creek,40.4422537,-85.37007488
WMI040-0009,Big Lick Creek,40.4315293,-85.37016982
WMI040-0029,Big Lick Creek,40.38311417,-85.43867528
WMI-04-0008,Tributary of Campbell Creek,40.22018193,-85.23479745
WMI-04-0009,Dodge Creek,40.34975729,-85.41626864
WMI-04-0010,Hedgeland Ditch,40.34535951,-85.46411611
WMI-04-0011,Pike Creek,40.36315498,-85.45715308
WMI-04-0012,Mississinewa River,40.37246102,-85.45643553
WMI-04-0013,Mississinewa River,40.29433684,-85.24845041
WMI-04-0014,Campbell Creek,40.26109239,-85.28932094
WMI-04-0014,Campbell Creek,40.26109239,-85.28932094
WMI-04-0015,Rees Ditch,40.3668147,-85.21935782
WMI-04-0016,Bosman Ditch,40.3205594,-85.301868
WMI-04-0017,Mississinewa River,40.31874271,-85.31951859
WMI-04-0018,Rees Ditch,40.3356679,-85.32343359
WMI-04-0019,Mississinewa River,40.3384304,-85.35474212
WMI050-0020,Mississinewa River,40.45578194,-85.57793258
WMI050-0020,Mississinewa River,40.45578194,-85.57793258
WMI-05-0018,Mississinewa River,40.45746907,-85.53494117
WMI-05-0019,Mississinewa River,40.40738537,-85.50272818
WMI-05-0019,Mississinewa River,40.40738537,-85.50272818
WMI-05-0020,Tippey Ditch,40.57324592,-85.55459511
WMI-06-0006,Mississinewa River,40.75404776,-86.02141096
WPA010-0031,Ritter Creek,38.36159997,-86.65807067
WPA010-0034,Ritter Creek,38.36804503,-86.66522364
WPA010-0034,Ritter Creek,38.36804503,-86.66522364
WPA010-0038,Patoka River,38.44067588,-86.48325625
WPA010-0038,Patoka River,38.44067588,-86.48325625
WPA010-0042,Patoka River,38.44735671,-86.46982738
WPA010-0045,Youngs Creek,38.4701086,-86.49832408
WPA010-0045,Youngs Creek,38.4701086,-86.49832408
WPA010-0045,Youngs Creek,38.4701086,-86.49832408
WPA-01-0009,Patoka River,38.48914859,-86.36039069
WPA-01-0009,Patoka River,38.48914859,-86.36039069
WPA-01-0009,Patoka River,38.48914859,-86.36039069
WPA-01-0023,Sycamore Creek,38.35142988,-86.54538685
WPA-01-0023,Sycamore Creek,38.35142988,-86.54538685
WPA-01-0024,Patoka River,38.43181243,-86.41318879
WPA-01-0025,Patoka River,38.44191569,-86.47192378
WPA-01-0027,Patoka River,38.44128284,-86.47783936
WPA-01-0028,Youngs Creek,38.44978776,-86.5208976
WPA-01-0030,Patoka River,38.44007928,-86.45694615
WPA-01-0031,Lick Fork,38.3494252,-86.69225342
WPA-01-0034,Patoka River,38.44866935,-86.4709154
WPA-01-0035,Tributary of Patoka River,38.42006858,-86.39186818
WPA-02-0001,Straight River,38.34953322,-86.91826691
WPA-02-0002,Straight River,38.35435316,-86.9000147
WPA-02-0003,Flat Creek,38.30313313,-86.82156315
WPA-02-0004,Straight River,38.35190779,-86.92276087
WPA020-0049,Leistner Creek,38.48127306,-86.81778973
WPA-02-0005,Grassy Fork,38.34069266,-86.80689514
WPA020-0050,Patoka River,38.39691376,-86.91445475
WPA020-0051,Polson Creek,38.43846651,-86.80668874
WPA020-0051,Polson Creek,38.43846651,-86.80668874
WPA020-0052,Patoka River,38.42824846,-86.8703491
WPA020-0056,Patoka River,38.47055028,-86.76182094
WPA020-0058,Patoka River,38.4722046,-86.77734737
WPA-02-0006,Flat Creek,38.34489768,-86.87354825
WPA-02-0007,Straight River,38.35487277,-86.89431151
WPA-02-0018,Straight River,38.35250552,-86.9024468
WPA-03-0001,Hunley Creek,38.25239003,-86.90223217
WPA030-0014,Tributary of Flat Creek,38.31363595,-86.81043423
WPA030-0015,Hall Creek,38.35649289,-86.88591447
WPA030-0016,Flat Creek,38.31756923,-86.84643603
WPA030-0017,Hall Creek,38.36451286,-86.77667781
WPA030-0018,Hall Creek,38.35344964,-86.89993772
WPA-03-0006,Hunley Creek,38.27541189,-86.90530398
WPA-03-0009,Bruner Creek,38.30294113,-86.92820208
WPA-03-0011,Hunley Creek,38.28519076,-86.90462656
WPA-03-0012,Bruner Creek,38.29011743,-86.92836719
WPA-03-0019,Hunley Creek,38.28005999,-86.9048589
WPA-03-0020,Hunley Creek,38.21734041,-86.90169822
WPA-03-0020,Hunley Creek,38.21734041,-86.90169822
WPA-03-0022,Hunley Creek,38.23531966,-86.89687614
WPA-03-0023,Tributary of Hunley Creek,38.33008283,-86.92427693
WPA-03-0024,Bruner Creek,38.26434199,-86.92999972
WPA-03-0025,Bruner Creek,38.28547194,-86.92877533
WPA-03-0034,Hunley Creek,38.29157003,-86.91269427
WPA-03-0035,Green Creek,38.24313659,-86.86413121
WPA-04-0003,Patoka River,38.36454708,-87.00554526
WPA-04-0003,Patoka River,38.36454708,-87.00554526
WPA040-0038,Altar Creek,38.41784511,-87.00215186
WPA040-0039,Patoka River,38.34418477,-86.99659561
WPA-04-0004,Patoka River,38.35340394,-86.98823146
WPA-04-0004,Patoka River,38.35340394,-86.98823146
WPA040-0042,Tributary of Hunley Creek,38.18971892,-86.93476346
WPA040-0044,Green Creek,38.24345436,-86.86946302
WPA040-0044,Green Creek,38.24345436,-86.86946302
WPA040-0047,Patoka River,38.36619678,-87.04024663
WPA040-0048,Hunley Creek,38.25295386,-86.90247174
WPA040-0049,Patoka River,38.3354826,-86.9901383
WPA040-0049,Patoka River,38.3354826,-86.9901383
WPA-04-0005,Patoka River,38.44755815,-86.87122174
WPA-04-0006,Patoka River,38.42247148,-86.87178304
WPA-04-0007,Polson Creek,38.4323775,-86.79452789
WPA-04-0008,Polson Creek,38.43416929,-86.80401755
WPA-04-0010,Buffalo Stream,38.42153368,-86.91804775
WPA-04-0013,Altar Creek,38.38310403,-87.01949243
WPA-04-0017,Patoka River,38.40756796,-86.91218045
WPA-04-0017,Patoka River,38.40756796,-86.91218045
WPA-04-0032,Patoka River,38.37396576,-87.02972403
WPA-04-0033,Polson Creek,38.43956859,-86.80709664
WPA-04-0034,Patoka River,38.39676206,-86.91634993
WPA-04-0036,Patoka River,38.34246183,-86.96375375
WPA-04-0037,Dillon Creek,38.46393757,-86.74438577
WPA-04-0038,Patoka River,38.44192187,-86.71488085
WPA-04-0039,Patoka River,38.41370402,-86.87666472
WPA-04-0047,Leistner Creek,38.46223459,-86.80805586
WPA-04-0048,Altar Creek,38.40462119,-87.00825438
WPA-05-0001,Flat Creek,38.4206866,-87.11754852
WPA-05-0001,Flat Creek,38.4206866,-87.11754852
WPA050-0014,Flat Creek,38.40388753,-87.07633789
WPA050-0014,Flat Creek,38.40388753,-87.07633789
WPA050-0016,Flat Creek,38.46801108,-87.15075501
WPA050-0017,Flat Creek,38.45994463,-87.13203985
WPA-05-0002,Flat Creek,38.39254621,-87.05974916
WPA-05-0002,Flat Creek,38.39254621,-87.05974916
WPA-05-0006,Flat Creek,38.45868845,-87.13088768
WPA-06-0001,Patoka River,38.37459615,-87.17847436
WPA-06-0003,Patoka River,38.38275578,-87.29118279
WPA-06-0003,Patoka River,38.38275578,-87.29118279
WPA060-0039,Rock Creek,38.33061745,-87.10230212
WPA060-0044,Patoka River,38.38345608,-87.26894068
WPA060-0046,Rock Creek,38.31869352,-87.08908269
WPA060-0048,Beadens Creek,38.31851049,-87.12777244
WPA-06-0005,Patoka River,38.38281427,-87.23633486
WPA-06-0006,Patoka River,38.35307049,-87.13548519
WPA-06-0007,Patoka River,38.37403348,-87.18632168
WPA-06-0019,Patoka River,38.33584187,-87.08835999
WPA-06-0021,Patoka River,38.37439032,-87.16341498
WPA-06-0021,Patoka River,38.37439032,-87.16341498
WPA-06-0022,Patoka River,38.3463062,-87.07359262
WPA-06-0023,Flat Creek,38.40735751,-87.29892169
WPA-06-0024,Patoka River,38.3731061,-87.22016554
WPA-06-0025,Patoka River,38.35750745,-87.04438537
WPA-07-0001,Rough Creek,38.28763539,-87.24232553
WPA070-0018,South Fork Patoka River,38.29460504,-87.24786282
WPA070-0019,South Fork Patoka River,38.28973276,-87.22452731
WPA-07-0002,South Fork Patoka River,38.34777669,-87.32000265
WPA070-0026,South Fork Patoka River,38.28724,-87.21935833
WPA070-0029,Tributary of South Fork Patoka River,38.29291361,-87.22401861
WPA-07-0003,South Fork Patoka River,38.25116014,-87.19287631
WPA070-0034,Honey Creek,38.28950806,-87.26560639
WPA070-0039,Turkey Creek,38.33830722,-87.33048139
WPA-07-0004,Hat Creek,38.32393264,-87.26192644
WPA070-0040,South Fork Patoka River,38.37792583,-87.33679389
WPA-07-0009,Wheeler Creek,38.30780111,-87.28198306
WPA-07-0020,South Fork Patoka River,38.2623913,-87.20010684
WPA-07-0025,South Fork Patoka River,38.36956073,-87.3290238
WPA080-0041,Hurricane Creek,38.35691968,-87.34312238
WPA080-0042,Patoka River,38.39878553,-87.71170489
WPA080-0045,Patoka River,38.39746613,-87.60202326
WPA080-0047,Patoka River,38.39267635,-87.54823388
WPA080-0048,Keg Creek,38.31819619,-87.3604975
WPA-08-0007,Patoka River,38.3972236,-87.53671605
WPA-08-0008,Patoka River,38.39923057,-87.68849818
WPA-08-0008,Patoka River,38.39923057,-87.68849818
WPA-08-0009,Patoka River,38.38653898,-87.62282016
WPA-08-0010,West Fork Keg Creek,38.33276542,-87.40158812
WPA-08-0011,Patoka River,38.39791989,-87.69452446
WPA-08-0025,Patoka River,38.39965709,-87.70513279
WPA-08-0027,Patoka River,38.3984982,-87.53148764
WPA-08-0027,Patoka River,38.3984982,-87.53148764
WPA-08-0028,West Fork Keg Creek,38.34095897,-87.4031051
WPA-08-0029,Patoka River,38.39914331,-87.74204336
WPA-08-0032,Tributary of Patoka River,38.41927847,-87.57705703
WSA010-0012,Little Salamonie River,40.406944,-84.96137
WSA-02-0003,Salamonie River,40.51426166,-85.19387764
WSA040-0023,Salamonie River,40.76064472,-85.51411278
WSA-04-0004,Majenica Creek,40.77910993,-85.48821145
WSA-04-0004,Majenica Creek,40.77910993,-85.48821145
WSU010-0010,Spring Creek,40.13112334,-86.54425225
WSU010-0037,Mud Creek,40.15417736,-86.39431434
WSU-01-0009,Mud Creek,40.15495975,-86.39611854
WSU-01-0010,Sugar Creek,40.14512506,-86.57039643
WSU020-0009,Sugar Creek,40.10777778,-86.79388889
WSU020-0015,Sugar Creek,40.14340826,-86.70051246
WSU040-0018,Walnut Fork Sugar Creek,40.05806813,-86.87170624
WSU040-0018,Walnut Fork Sugar Creek,40.05806813,-86.87170624
WSU040-0018,Walnut Fork Sugar Creek,40.05806813,-86.87170624
WSU040-0020,Sugar Creek,40.08770526,-86.85227513
WSU040-0020,Sugar Creek,40.08770526,-86.85227513
WSU-04-0003,Honey Creek,40.10934254,-86.76735353
WSU-05-0001,Sugar Mill Creek,39.94483818,-87.20869601
WSU050-0033,Sugar Creek,39.94082952,-87.11427751
WSU050-0033,Sugar Creek,39.94082952,-87.11427751
WSU060-0023,Sugar Mill Creek,39.96248633,-87.17475111
WSU060-0024,Tributary of Stillwater Creek,39.98637338,-87.11224018
WSU060-0024,Tributary of Stillwater Creek,39.98637338,-87.11224018
WSU-06-0010,Sugar Creek,39.84928338,-87.35870034
WSU-06-0014,Sugar Creek,40.04167867,-86.93924571
WTI010-0006,Grassy Creek,41.26885428,-85.67137842
WTI010-0006,Grassy Creek,41.26885428,-85.67137842
WTI010-0011,Tributary of Gaff Ditch,41.27372635,-85.62270279
WTI020-0061,Deeds Creek,41.23318494,-85.77940855
WTI030-0026,Tippecanoe River,41.24191725,-85.96008106
WTI030-0027,Tippecanoe River,41.25352042,-85.89007585
WTI030-0027,Tippecanoe River,41.25352042,-85.89007585
WTI-03-0014,Tippecanoe River,41.24048772,-85.92849983
WTI040-0041,Tippecanoe River,41.22827735,-86.10527324
WTI040-0042,Tippecanoe River,41.12164846,-86.18064885
WTI050-0006,Mill Creek,41.09166667,-86.23138889
WTI050-0033,J M Robbins Ditch,40.99804829,-86.09568263
WTI-05-0015,Tippecanoe River,41.10607346,-86.25161781
WTI060-0013,House Ditch,41.17902778,-86.54055556
WTI060-0034,Castleman Ditch,41.22601792,-86.55598102
WTI060-0035,House Ditch,41.21679759,-86.52316305
WTI060-0037,Tippecanoe River,41.07833499,-86.58413225
WTI060-0037,Tippecanoe River,41.07833499,-86.58413225
WTI-06-0008,Tippecanoe River,41.13368079,-86.39591177
WTI-06-0008,Tippecanoe River,41.13368079,-86.39591177
WTI-06-0010,Tippecanoe River,41.1586082,-86.56121829
WTI-07-0001,Graffis Ditch,41.01495107,-86.56120822
WTI-07-0001,Graffis Ditch,41.01495107,-86.56120822
WTI080-0003,Tippecanoe River,40.97277778,-86.65972222
WTI080-0004,Mud Creek,40.98361111,-86.6475
WTI-08-0004,Indian Creek,40.911386,-86.627302
WTI090-0005,Little Indian Creek,40.89016617,-86.46588658
WTI100-0003,Swingle Ditch,40.94544235,-86.71827512
WTI-10-0010,Lincoln Ditch,41.04901117,-86.75933602
WTI-10-0012,Hansell Ditch,41.03390389,-86.90741484
WTI110-0038,Tributary of Big Monon Ditch,41.16009711,-86.82105021
WTI120-0005,Honey Creek,40.78472222,-86.79416667
WTI120-0012,McKillip Ditch,40.83774549,-86.92927792
WTI-12-0004,Hoagland Ditch,40.74848166,-86.99438122
WTI-13-0002,Pike Creek,40.78066674,-86.74437021
WTI150-0017,Spring Creek,40.62302474,-86.81897959
WTI150-0018,Tippecanoe River,40.60399328,-86.75322212
WTI150-0018,Tippecanoe River,40.60399328,-86.75322212
WUW040-0002,Wabash River,40.56805556,-84.84861111
WUW060-0010,Sixmile Creek,40.709545,-85.136185
WUW-07-0014,Mossburg Ditch,40.72153909,-85.32761848
WUW080-0007,Rock Creek,40.61104035,-85.19914147
WUW080-0013,Rock Creek,40.79253528,-85.32343611
WUW090-0004,Wabash River,40.84611111,-85.47111111
WUW100-0008,Big Indian Creek,41.05153694,-85.41830389
WUW100-0009,Calf Creek,41.00086673,-85.3946454
WUW100-0009,Calf Creek,41.00086673,-85.3946454
WUW-10-0001,Seegar Ditch,41.0983492,-85.29109611
WUW-10-0002,Little River,40.9823189,-85.35464866
WUW110-0004,Eightmile Creek,40.91472222,-85.31916667
WUW-11-0004,Flat Creek,40.911669,-85.368338
WUW130-0002,Lehman Ditch,41.01085861,-85.52707083
WUW-14-0001,Mill Creek,40.76802306,-85.89569722
WUW-14-0001,Mill Creek,40.76802306,-85.89569722
WUW-14-0002,Treaty Creek,40.74274518,-85.77741897
WUW150-0008,Wabash River,40.82305971,-85.76074535
WUW-15-0001,Honey Creek,40.53924644,-85.94586882
WUW-15-0002,Pipe Creek,40.68082999,-86.13029467
WUW170-0034,Honey Creek,40.55095583,-85.94911472
WUW180-0009,Wabash River,40.75477268,-86.2765555
WWE020-0008,Big Walnut Creek,39.70305556,-86.79
WWE020-0010,Plum Creek,39.7321372,-86.76763283
WWE020-0010,Plum Creek,39.7321372,-86.76763283
WWE020-0016,Big Walnut Creek,39.62545891,-86.90456603
WWE-02-0002,Little Walnut Creek,39.65145935,-86.93575016
WWE030-0008,Little Walnut Creek,39.63190499,-86.94128419
WWE-03-0005,Owl Branch,39.62542224,-86.82456911
WWE-04-0003,Big Walnut Creek,39.72372837,-86.7676599
WWE-04-0006,Big Walnut Creek,39.71881281,-86.77114092
WWE-04-0009,Big Walnut Creek,39.78203695,-86.77849535
WWE-04-0009,Big Walnut Creek,39.78203695,-86.77849535
WWE-04-0010,Clear Creek,39.75198905,-86.69900663
WWE-04-0010,Clear Creek,39.75198905,-86.69900663
WWE-05-0005,Mill Creek Ditch,39.57947686,-86.65443874
WWE-05-0011,Mill Creek,39.51906031,-86.69345794
WWE060-0036,Mill Creek,39.5102899,-86.7015573
WWE060-0039,Mud Creek,39.57607017,-86.63179587
WWE-07-0001,Jordan Creek,39.40449469,-86.94299493
WWE-07-0001,Jordan Creek,39.40449469,-86.94299493
WWE070-0010,Croys Creek,39.53292895,-87.04201267
WWE070-0010,Croys Creek,39.53292895,-87.04201267
WWE-07-0003,Hog Creek,39.38126885,-87.04483995
WWE-07-0004,Eel River,39.34502737,-87.08710743
WWE-07-0005,Croys Creek,39.50511861,-87.0174734
WWE080-0011,Tributary of Birch Creek,39.50647137,-87.1192335
WWE-08-0003,Eel River,39.19743703,-87.11842225
WWE-08-0003,Eel River,39.19743703,-87.11842225
WWE-08-0012,Lemon Creek,39.13973979,-86.9813604
WWE090-0005,Wabash and Erie Canal,39.19833333,-87.13583333
WWE090-0043,Eel River,39.20793697,-87.147341
WWE090-0044,Connelly Ditch,39.31839626,-87.09601315
WWL-01-0003,Beanblossom Creek,39.261148,-86.241741
WWL-01-0003,Beanblossom Creek,39.261148,-86.241741
WWL-01-0004,Beanblossom Creek,39.30651617,-86.61808657
WWL010-0045,Beanblossom Creek,39.26209,-86.32531
WWL-01-0048,Beanblossom Creek,39.32346808,-86.63789383
WWL-01-0049,Beanblossom Creek,39.30186105,-86.60430299
WWL020-0024,Little Mill Creek,39.35888889,-86.76388889
WWL-02-0003,Rattlesnake Creek,39.28226719,-86.80590419
WWL-02-0003,Rattlesnake Creek,39.28226719,-86.80590419
WWL020-0054,Raccoon Creek,39.20488983,-86.75701655
WWL020-0054,Raccoon Creek,39.20488983,-86.75701655
WWL020-0054,Raccoon Creek,39.20488983,-86.75701655
WWL020-0055,Fish Creek,39.21245235,-86.90575378
WWL020-0055,Fish Creek,39.21245235,-86.90575378
WWL020-0056,McCormicks Creek,39.24983721,-86.67152828
WWL020-0057,West Fork White River,39.33839328,-86.70875859
WWL020-0058,Fish Creek,39.17572187,-86.90259331
WWL020-0058,Fish Creek,39.17572187,-86.90259331
WWL-02-0007,White River,39.16583673,-86.89300152
WWL-02-0008,Rattlesnake Creek,39.33676091,-86.82530413
WWL-03-0003,Plummer Creek,38.97141,-86.84276
WWL-03-0008,Wildcat Branch,39.03471445,-86.90866396
WWL-03-0009,Tributary of Plummer Creek,38.97634899,-86.918108
WWL-03-0010,Tributary of Black Ankle Creek,38.94530131,-86.84048146
WWL-03-0010,Tributary of Black Ankle Creek,38.94530131,-86.84048146
WWL-03-0011,Tributary of Richland Creek,39.12664612,-86.73979511
WWL-03-0012,Tributary of Richland Creek,39.17288698,-86.6833645
WWL-03-0013,Tributary of Richland Creek,39.07967089,-86.85229021
WWL-03-0013,Tributary of Richland Creek,39.07967089,-86.85229021
WWL-03-0014,Flyblow Branch,38.98084609,-86.86080513
WWL-03-0015,Tributary of Richland Creek,39.10259346,-86.72328778
WWL-03-0015,Tributary of Richland Creek,39.10259346,-86.72328778
WWL-03-0015,Tributary of Richland Creek,39.10259346,-86.72328778
WWL-03-0017,Richland Creek,39.18111393,-86.63829222
WWL-03-0018,Camp Creek,39.09502225,-86.83292764
WWL-03-0018,Camp Creek,39.09502225,-86.83292764
WWL-03-0021,Ore Branch,39.02743536,-86.87037436
WWL-03-0021,Ore Branch,39.02743536,-86.87037436
WWL-03-0021,Ore Branch,39.02743536,-86.87037436
WWL-03-0022,Little Clifty Branch,38.98829746,-86.77902813
WWL-03-0022,Little Clifty Branch,38.98829746,-86.77902813
WWL-03-0023,Bridge Creek,39.0310192,-86.79405878
WWL-03-0024,Bridge Creek,39.02666406,-86.80329971
WWL-03-0025,Plummer Creek,38.9587407,-86.779664
WWL-03-0026,Richland Creek,39.1682792,-86.66067998
WWL-03-0027,Ore Branch,39.020195,-86.90773
WWL-03-0028,Beech Creek,39.05667246,-86.73115551
WWL-03-0028,Beech Creek,39.05667246,-86.73115551
WWL-03-0029,Tributary of Richland Creek,39.15892725,-86.64751423
WWL-03-0029,Tributary of Richland Creek,39.15892725,-86.64751423
WWL-03-0029,Tributary of Richland Creek,39.15892725,-86.64751423
WWL-03-0030,Clifty Branch,39.00317541,-86.79297261
WWL-03-0030,Clifty Branch,39.00317541,-86.79297261
WWL-03-0031,Little Richland Creek,39.129515,-86.695693
WWL-03-0032,Beech Creek,39.05895053,-86.74677328
WWL-03-0032,Beech Creek,39.05895053,-86.74677328
WWL-03-0033,Stalcup Branch,39.00123216,-86.83525093
WWL-03-0033,Stalcup Branch,39.00123216,-86.83525093
WWL-03-0033,Stalcup Branch,39.00123216,-86.83525093
WWL-03-0034,Plummer Creek,38.97033517,-86.80859718
WWL-03-0035,Richland Creek,39.1698485,-86.68285303
WWL-03-0036,Beech Creek,39.06440624,-86.77435887
WWL-03-0036,Beech Creek,39.06440624,-86.77435887
WWL-03-0036,Beech Creek,39.06440624,-86.77435887
WWL-03-0037,Beech Creek,39.0629331,-86.82857257
WWL-03-0038,Richland Creek,39.12100886,-86.78608851
WWL-03-0039,Plummer Creek,38.99306091,-86.9378548
WWL-03-0054,Plummer Creek,38.95110089,-86.77240797
WWL-03-0055,Beech Creek,39.05918598,-86.78483287
WWL-04-0001,Miller Creek,39.06781938,-87.06279208
WWL040-0056,Plummer Creek,38.99590748,-86.89106422
WWL040-0057,Richland Creek,39.08078227,-86.8469522
WWL-05-0001,White River,38.98352553,-86.95324649
WWL050-0036,West Fork White River,38.9213891,-87.08305013
WWL050-0036,West Fork White River,38.9213891,-87.08305013
WWL050-0038,Timmons Ditch,38.97897135,-87.05755991
WWL-05-0013,Timmons Ditch,38.96404133,-87.02253569
WWL-05-0015,First Creek,38.88216985,-86.96142042
WWL-05-0017,Kane Ditch,38.83521868,-87.02355406
WWL-05-0021,West Fork White River,38.82683734,-87.18632435
WWL060-0001,Black Creek Ditch,38.96205995,-87.14861459
WWL060-0010,Buck Creek,39.03805556,-87.10875
WWL-06-0121,Spencer Creek,38.97707144,-87.26010201
WWL-06-0124,Black Creek,38.87991898,-87.18747512
WWL-06-0124,Black Creek,38.87991898,-87.18747512
WWL-06-0130,Black Creek,38.82444148,-87.22
WWL-06-0131,Singer Ditch,38.839893,-87.21546868
WWL-06-0133,Singer Ditch,38.90784299,-87.22546346
WWL-06-0134,Black Creek,38.87741682,-87.18709731
WWL-06-0134,Black Creek,38.87741682,-87.18709731
WWL-06-0135,Black Creek,38.89549331,-87.15997735
WWL-06-0136,Calico Slash Ditch,38.92253407,-87.16109673
WWL-06-0137,Black Creek,38.91953798,-87.14387213
WWL-06-0138,Black Creek,38.93631728,-87.13854423
WWL-06-0140,Beehunter Ditch,39.00910685,-87.1256238
WWL-06-0140,Beehunter Ditch,39.00910685,-87.1256238
WWL-06-0141,Beehunter Ditch Tributary,39.03706863,-87.15223033
WWL-06-0142,Buck Creek,39.00916225,-87.10911995
WWL-06-0143,Buck Creek,39.03870741,-87.10917318
WWL-06-0144,Brewer Ditch,38.9598278,-87.1674676
WWL-06-0144,Brewer Ditch,38.9598278,-87.1674676
WWL-06-0145,Brewer Ditch Tributary,38.98395547,-87.22985642
WWL-06-0146,Black Creek,38.98853836,-87.16750387
WWL-06-0147,Tributary of Black Creek,38.98196894,-87.15506457
WWL-06-0148,Black Creek,39.01005643,-87.20397
WWL-06-0149,Tributary of Black Creek,39.02325592,-87.22246253
WWL-06-0150,Black Creek,39.03093628,-87.21286193
WWL-06-0151,Hill Ditch,38.89654541,-87.19967004
WWL-06-0152,Beehunter Ditch,38.99458512,-87.12373031
WWL-07-0002,Prairie Creek,38.71803814,-87.16514395
WWL-08-0003,White River,38.68925828,-87.27075395
WWL-08-0004,White River,38.81237547,-87.24277574
WWL080-0041,Killion Canal,38.71347662,-87.19569908
WWL-08-0008,White River,38.70903307,-87.26964484
WWL-09-0002,Kessinger Ditch,38.60321721,-87.30376839
WWL-09-0003,Veale Creek,38.62954606,-87.11627138
WWL090-0030,West Fork White River,38.5595569,-87.23887313
WWL090-0031,Veale Creek,38.60541325,-87.18288836
WWL-09-0006,Roberson Ditch,38.68154809,-87.32943113
WWL100-0021,White River,38.44770635,-87.66822426
WWL100-0023,White River,38.53959992,-87.38963061
WWL-10-0004,White River,38.50646445,-87.54710148
WWL-10-0005,White River,38.52701303,-87.33170147
WWL-10-0047,Robb Creek Tributary,38.47457923,-87.5256434
WWL-10-0048,White River,38.52896441,-87.33520865
WWL-10-0049,Prides Creek,38.4946171,-87.29888694
WWL-10-0050,White River,38.41578878,-87.72870292
WWL-10-0051,White River,38.50478574,-87.53305243
WWU010-0015,West Fork White River,40.165848,-85.184732
WWU010-0037,Little Stoney Creek,40.08040297,-85.22127026
WWU010-0039,West Fork White River,40.18622481,-84.9369664
WWU010-0039,West Fork White River,40.18622481,-84.9369664
WWU-01-0006,White River,40.15774577,-85.3317396
WWU-01-0012,White River,40.14878125,-85.31327823
WWU-01-0013,White River,40.196555,-85.36724566
WWU-01-0014,Peach Creek,40.1746538,-84.95993069
WWU-01-0016,Stoney Creek,40.15028403,-85.20054655
WWU-01-0016,Stoney Creek,40.15028403,-85.20054655
WWU-03-0001,White River,40.18141219,-85.4884506
WWU-03-0002,White River,40.11573238,-85.70198457
WWU-03-0002,White River,40.11573238,-85.70198457
WWU040-0034,Killbuck Creek,40.19393958,-85.59402751
WWU-05-0001,Duck Creek,40.20015046,-85.87730341
WWU050-0010,Pipe Creek,40.26305556,-85.7
WWU-06-0010,Hinkle Creek,40.11457845,-86.09291521
WWU-06-0010,Hinkle Creek,40.11457845,-86.09291521
WWU-06-0012,Cicero Creek,40.15210525,-86.00392953
WWU-06-0014,Cicero Creek,40.25065069,-86.00815399
WWU070-0002,Stony Creek,40.02888889,-85.995
WWU-07-0001,White River,40.13207388,-85.95249793
WWU-07-0002,West Fork White River,39.98055351,-86.03315067
WWU-07-0002,West Fork White River,39.98055351,-86.03315067
WWU070-0043,West Fork White River,40.135778,-85.956131
WWU-08-0002,Lick Creek,39.95003076,-85.80922328
WWU-08-0002,Lick Creek,39.95003076,-85.80922328
WWU-08-0004,Deer Creek,39.98356066,-85.50456768
WWU-08-0004,Deer Creek,39.98356066,-85.50456768
WWU080-0042,Cicero Creek,40.26469451,-86.01082881
WWU080-0043,Christy Ditch,40.22823624,-86.22247729
WWU-08-0009,Fall Creek,40.02490676,-85.55739396
WWU-08-0012,Foster Branch,40.00821496,-85.79110267
WWU-09-0002,Fall Creek,39.78024,-86.18719427
WWU-09-0003,Fall Creek,39.86382643,-86.05170975
WWU090-0033,West Fork White River,39.90898492,-86.1054832
WWU-09-0004,Mud Creek,40.01898601,-85.84892475
WWU-09-0028,Fall Creek,39.86168536,-86.07178215
WWU-10-0002,Carmel Creek,39.93721196,-86.10323236
WWU100-0038,Lick Creek,39.97031861,-85.61447833
WWU100-0040,Fall Creek,39.97086972,-85.796175
WWU100-0040,Fall Creek,39.97086972,-85.796175
WWU100-0041,Fall Creek,40.05511284,-85.4840467
WWU100-0041,Fall Creek,40.05511284,-85.4840467
WWU100-0041,Fall Creek,40.05511284,-85.4840467
WWU100-0063,Lick Creek,39.95157083,-85.85768861
WWU100-0064,Fall Creek,39.96432222,-85.81504806
WWU100-0069,Lick Creek,39.951885,-85.77009278
WWU100-0075,Lick Creek,39.95983056,-85.72611778
WWU100-0078,Fall Creek,40.01593861,-85.69206833
WWU100-0083,Fall Creek,40.01584861,-85.63388722
WWU100-0098,Fall Creek,40.03386674,-85.54761731
WWU100-0099,Mud Creek,40.013258,-85.57017131
WWU100-0099,Mud Creek,40.013258,-85.57017131
WWU100-0100,Fall Creek,40.04994885,-85.53696297
WWU100-0101,Deer Creek,40.02229047,-85.53259769
WWU100-0101,Deer Creek,40.02229047,-85.53259769
WWU100-0104,Fall Creek,40.05523667,-85.52735056
WWU100-0106,Fall Creek,40.02513401,-85.55707286
WWU100-0110,Honey Creek,40.05517056,-85.494475
WWU-10-0037,White River,39.96802202,-86.04920433
WWU-10-0037,White River,39.96802202,-86.04920433
WWU-10-0038,Cool Creek,39.9582518,-86.08785891
WWU-10-0040,White River,39.91005074,-86.10532505
WWU110-0013,India Branch,39.88645644,-85.95321592
WWU-11-0004,Little Eagle Creek,39.86597744,-86.24554555
WWU-11-0005,Eagle Creek,39.72427286,-86.19600909
WWU120-0049,Eagle Creek,40.04064268,-86.28383486
WWU120-0079,Little Eagle Creek,39.99879047,-86.23968241
WWU120-0079,Little Eagle Creek,39.99879047,-86.23968241
WWU-13-0003,White Lick Creek,39.59170304,-86.36779727
WWU-13-0003,White Lick Creek,39.59170304,-86.36779727
WWU130-0047,West Fork White River,39.76559015,-86.17323808
WWU130-0048,Pleasant Run Creek,39.62742245,-86.18044674
WWU-13-0006,West Fork White Lick Creek,39.86078254,-86.43346738
WWU-13-0008,White Lick Creek,39.68308646,-86.39500045
WWU-13-0009,McCracken Creek,39.61927678,-86.39239267
WWU-13-0009,McCracken Creek,39.61927678,-86.39239267
WWU-14-0003,South Prong Stotts Creek,39.45001614,-86.30621101
WWU140-0038,West Fork White River,39.50245165,-86.34842039
WWU-14-0004,South Prong Stotts Creek,39.44681454,-86.29830901
WWU-14-0005,North Prong Stotts Creek,39.46688729,-86.31262093
WWU-14-0005,North Prong Stotts Creek,39.46688729,-86.31262093
WWU-15-0001,West Fork White River,39.39874416,-86.47906738
WWU150-0018,East Fork White Lick Creek,39.64634222,-86.34658972
WWU-15-0003,Sycamore Creek,39.49463793,-86.4294627
WWU150-0044,East Fork White Lick Creek,39.59895873,-86.36652156
WWU150-0045,White Lick Creek,39.76399751,-86.41861523
WWU150-0046,White Lick Creek,39.85504408,-86.39612756
WWU150-0047,East Fork White Lick Creek,39.75530477,-86.31063194
WWU-15-0006,White River,39.49390576,-86.39260709
WWU160-0013,Lambs Creek,39.46944444,-86.50638889
WWU-16-0006,Indian Creek,39.40025183,-86.44397495
WWU-17-0003,White River,39.34770074,-86.6398066
